, URL, Name, isSecure, Sport,
,1stdownboosters.com,Indiana First Down Football Boosters,false,Football,
,495baberuth.org,495 Babe Ruth,false,Baseball,
,495stars.com,495 Stars,false,Hockey,
,a2lax.com,a2lax,false,Lacrosse,
,aandbsports.com,Above & Beyond Sports LLC.,false,,
,abingtonlacrosseclub.com,Abington Lacrosse Club,false,Lacrosse,
,absoftball.com,Acton Boxborough Youth Softball,false,Softball,
,acmyc.org,Association of the Cotuit Mosquito Yacht Club, Inc.,false,,
,agawamhockey.com,Agawam Youth Hockey,false,,
,agcsc.org,Associated Glider Club Of Southern California,false,,
,akubisanaikkelas.blogspot.com,error opening web page,
,alamedaworldbaseball.com,Alameda World Tournament Baseball,false,Baseball,
,allcityurbanleague.org,Hope Online Learning Academy,false,,
,allnationsshowcase.com,All Nations Lacrosse,false,Lacrosse,
,allnationsshowcase.org,All Nations Lacrosse,false,Lacrosse,
,alohalacrosse.org,Aloha Lacrosse,false,Lacrosse,
,americanlacrosseacademy.com,American Lacrosse Academy,false,,
,amitygirlsyouthlacrosse.org,Amity Girls Youth Lacrosse Association,false,Lacrosse,
,aquastarz.com,Davis Aquastarz,false,,
,ardenlax.com,Arden Lacrosse- Arden Diamondbacks,false,Lacrosse,
,arnoldathletic.com,Arnold Athletic Association,false,,
,article-exchange.com,error opening web page,
,ashbeelax.org,Lower Merion Ashbee Lacrosse,false,Lacrosse,
,ashlandyouthhockey.org,Demons Youth Hockey,false,,
,aspmoorestown.com,ASP Moorestown,false,,
,assn.la,error opening web page,
,autositechecker.com,error opening web page,
,avalonlacrosse.com,Avalon Lacrosse,false,Lacrosse,
,avonctlittleleague.org,Avon Little League,false,,
,avonhighschoolboosterclub.com,Avon High School Booster Club,false,,
,avonhockey.com,error opening web page,
,avontravelbasketball.org,Avon Travel Basketball,false,Basketball,
,axisconditioningandhoops.com,AXIS Conditioning and Hoops,false,,
,azgla.com,Arizona Girls Lacrosse Association,false,Lacrosse,
,banjohnson.com,Ban Johnson League,false,,
,barlowlax.org,Barlow Lacrosse,false,,
,baseball.iscorecentral.com,error opening web page,
,basketballholyfamily.com,Holy Family Basketball,false,,
,basketballspecialists.net,error opening web page,
,bayshoreyouthlacrosse.com,error opening web page,
,bbpyouthlax.org,Bayport-Blue Point Youth Lax,false,,
,bcylax.com,Beach Cities Youth Lacrosse,false,Lacrosse,
,beachbuccaneers.org,error opening web page,
,beachbucs.com,Beach Buccaneers,false,,
,beachdogslax.com,Beach Dogs Lacrosse,false,Lacrosse,
,beachlax.net,Beach Lacrosse Club,false,Lacrosse,
,beavertonbeaverslacrosse.com,Beaverton Beavers Youth Lacrosse,false,Lacrosse,
,bedfordrecsoccer.net,error opening web page,
,beekmanathleticclub.com,Beekman Athletic Club,false,Baseball,
,belairboyslax.com,Bel Air Boys Recreational Lacrosse,false,Lacrosse,
,belairfootballclub.com,Bel Air FC,false,Soccer,
,belairjuniorwrestling.com,error opening web page,
,belairterps.com,Bel Air Terps Football and Cheerleading,false,,
,bellairelacrosse.com,Bellaire Women's Lacrosse Club,false,Lacrosse,
,bellevuelacrosse.com,Bellevue Lacrosse,false,Lacrosse,
,belmontyouthbasketball.com,Belmont Youth Basketball Association,false,,
,berkshirecountylacrosse.com,Berkshire County Youth Lacrosse,false,Lacrosse,
,besthostingprice.com,error opening web page,
,bethelsoccer.org,Bethel Youth Soccer Association,false,Soccer,
,bethlehemsteelers.com,Bethlehem Steelers Athletic Association,false,,
,bevgirlslax.com,Beverly Girls Youth Lacrosse,false,,
,bfljrpanthers.com,Bridgewater Football League,false,,
,bgcre.net,Jesse P. Sanford Boys & Girls Club of Redding - Easton,false,,
,bhamlax.com,error opening web page,
,blackdoglacrosse.com,error opening web page,
,blackwatchnywestsoccer.com,Black Watch NY West Soccer Club,false,Soccer,
,blueandgreylacrosse.com,Blue and Grey Lacrosse,false,,
,bluedevilbasketballcamp.net,Blue Devil Basketball Camp,false,Basketball,
,blueridgelax.org,Blue Ridge Lacrosse Club,false,Lacrosse,
,blueridgetitansfieldhockey.org,Blue Ridge Titans Field Hockey,false,,
,bluewavelacrosse.com,Blue Wave Lacrosse,false,,
,blulax.com,Bama Lacrosse United,false,,
,bnaibrithsports.ca,B'nai Brith Sports of Canada,false,Basketball,
,bnwarriors.org,Bloomington Normal Warriors Lacrosse,false,Lacrosse,
,borolax.com,error opening web page,
,borowrestlingsite.com,Springboro Amateur Wrestling,false,,
,bostonjunioreagles.com,Boston Junior Eagles,false,Hockey,
,bostonjuniorterriers.com,Boston Junior Terriers,false,,
,bouldergirlslacrosse.org,Warrior Girls Youth Lacrosse,false,Lacrosse,
,braintreelacrosse.net,BRAINTREE LACROSSE,false,Lacrosse,
,branfordyouthlax.com,Branford Youth Lacrosse,false,Lacrosse,
,braveheartlaxclub.com,Braveheart Lax Club Inc.,false,Lacrosse,
,brazilct.com,Brazil CT Soccer Teams,false,Soccer,
,brewsterlacrosse.com,Brewster Lacrosse,false,Lacrosse,
,bridgeportpremierfutebolclub.com,Bridgeport Premier Futebol Club,false,,
,bridgeslacrosse.com,Bridges Lacrosse,false,Lacrosse,
,brightonlax.com,error opening web page,
,bristolcrushvolleyball.com,Bristol Boys and Girls Club CRUSH Volleyball,false,,
,bristolctlacrosse.com,error opening web page,
,broadneckbaseballsoftball.org,error opening web page,
,browardlaxadvantage.com,error opening web page,
,brownsburgfootball.com,error opening web page,
,brycflagfootball.org,BRYC Flag Football,false,Football,
,bryclacrosse.com,error opening web page,
,bryclacrosse.org,BRYC,false,Lacrosse,
,bryclax.org,error opening web page,
,bsaabasketball.org,BSAA Basketball,false,,
,btcyo.com,error opening web page,
,buckleyhockey.org,Buckley Blue Devils Hockey,false,Hockey,
,buffaloregalhockey.com,error opening web page,
,bufordsports.com,error opening web page,
,bunkerhillfc.com,error opening web page,
,burlingtonlax.org,error opening web page,
,burlingtonyouthbasketball.org,error opening web page,
,burlingtonyouthhockey.org,error opening web page,
,burnsvilletravelingbaseball.com,error opening web page,
,bvillehoops.com,Baldwinsville Boys Basketball Booster Club,false,,
,bvillelax.com,Baldwinsville Boys Lacrosse Booster Club,false,,
,bvlax.com,error opening web page,
,byfieldnewburylittleleague.com,error opening web page,
,cambridgefeederfootball.com,Cambridge Junior Bears Football,false,Football,
,cambridgelax.com,error opening web page,
,cambridgeyouthhockey.com,Cambridge Youth Hockey,false,Hockey,
,canbylacrosse.com,Canby Lacrosse,false,Lacrosse,
,cantonyouthathletics.com,error opening web page,
,capecodlax.com,Cape Cod Lacrosse,false,Lacrosse,
,carmelramsyouthsports.org,error opening web page,
,catoctinbasketball.org,error opening web page,
,ccdswim.com,CC of Darien,false,,
,cclalax.org,Chester County Lacrosse Association,false,,
,ccllbaseball.org,error opening web page,
,ccyouthlacrosse.com,error opening web page,
,cdgs301.com,error opening web page,
,cdmgirlslacrosse.com,error opening web page,
,cecillacrosse.com,error opening web page,
,centralctyankees.com,error opening web page,
,centraldistrictgirlssoftball.com,error opening web page,
,centralnassauaa.com,Central Nassau Athletic Association,false,Basketball,
,centralvalleylaxclub.com,Central Valley LAX Club (aka Stockton Spartans),false,Lacrosse,
,centralwashingtonsocceracademy.com,error opening web page,
,cglax.com,error opening web page,
,championsexperience.com,error opening web page,
,chanhassenathleticassociation.com,error opening web page,
,chaparrallacrosse.org,Chaparral Lacrosse Inc,false,Lacrosse,
,chaskabasketball.org,error opening web page,
,chaskafootball.com,error opening web page,
,chaskayouthbasketball.com,error opening web page,
,chatfieldfootball.com,Chatfield High School Football,false,Football,
,chatfieldsoftball.org,Chatfield Chargers Softball,false,,
,chathamfootball.com,error opening web page,
,cheltenhamlittleleague.com,error opening web page,
,chestersummerbasketball.org,Chester Summer Basketball,false,,
,cheyennelacrosse.com,error opening web page,
,chicohockey.com,North Valley Hockey and Sports Complex,false,,
,chshl.net,Catholic High School Hockey League,false,,
,cincinnatihillssaysoccer.org,Cincinnati Hills SAY Soccer,false,Soccer,
,clarkstownstars.org,STARS Baseball Academy,false,,
,clintonsoccer.net,Clinton Youth Soccer,false,Soccer,
,cmxsoftball.com,error opening web page,
,cobrakailacrosse.com,Cobra Kai Lacrosse,false,,
,cockeysvillebaseball.com,Cockeysville Baseball,false,Baseball,
,cockeysvillereccouncil.org,Cockeysville Rec Council,false,Softball,
,cohassetlax.net,Cohasset Lacrosse,false,Lacrosse,
,collegeparklacrosse.com,College Park Lacrosse,false,Lacrosse,
,collegeparklacrosse.org,College Park Lacrosse,false,Lacrosse,
,collierlax.com,Collier County Lacrosse Association,false,,
,connecticutbasketballconference.org,Connecticut Basketball Conference,false,Basketball,
,connecticutjuniorrangers.com,Connecticut Junior Rangers Elite AAA Youth Hockey,false,,
,connecticutriverhawks.org,error opening web page,
,conshybulldogs.net,Conshy Bulldogs,false,Lacrosse,
,copiagueyouthleague.org,Copiague Youth Leagues, Inc.,false,,
,coralspringslacrosse.com,Coral Springs Chiefs Youth Lacrosse,false,Lacrosse,
,cornerstonewarriors.com,Cornerstone Christian Academy,false,,
,courtsidesportscenter.com,Courtside Sports Center,false,,
,coventrybasketball.com,Coventry Basketball Association,false,,
,coventrylax.com,Coventry Youth Lacrosse Association,false,,
,cowboysbasketball.net,error opening web page,
,coyotesyouthlacrosse.org,Fishhawk Coyotes Lacrosse,false,Lacrosse,
,coyslsoccer.org,Central Ohio Youth Soccer League,false,Soccer,
,crcbaseball.com,Cockeysville Baseball,false,Baseball,
,crcbasketball.com,Cockeysville Basketball,false,Basketball,
,crccheer.com,Cockeysville Rec Council Cheerleading,false,,
,crcgirlslax.com,Cockeysville Girls Lacrosse,false,Lacrosse,
,ctbbc.org,Connecticut Basketball Conference,false,Basketball,
,ctcondors.com,CT Condors,false,,
,ctdistrict7littleleague.org,Connecticut District 7 LL Baseball,false,,
,ctelitehockey.com,Connecticut Elite Hockey,false,Hockey,
,ctgirlsbasketballleague.org,CT Girls Basketball League,false,Basketball,
,ctoutlawshockey.com,error opening web page,
,ctrangersbaseball.com,CT Rangers Baseball,false,,
,ctrushsoccer.org,error opening web page,
,ctselectshockey.com,central ct yankees,false,,
,ctsoccerhalloffame.org,Connecticut Soccer Hall Of Fame,false,,
,ctyankees.org,Connecticut Yankees,false,,
,culpeperlax.com,Culpeper Lacrosse Association,false,,
,culvercitylacrosse.com,Culver City Lacrosse,false,,
,cusabolax.com,Cusabo Nation Lacrosse, Inc.,false,Lacrosse,
,cvaajreagles.com,Clayton Valley Athletic Association,false,Football,
,cvbolts.org,Charlottesville Bolts Lacrosse Foundation,false,Lacrosse,
,cwelitelax.com,CW Elite Lacrosse,false,Lacrosse,
,cycgaa.com,error opening web page,
,cyha.com,Charlestown Youth Hockey Association,false,Hockey,
,cyobxman.net,CYO of Bronx/Manhattan,false,Basketball,
,d16bigfield.com,District 16 Middle School and Juniors,false,,
,darienlacrosse.com,Darien High School Boys Lacrosse,false,Lacrosse,
,darienyhoops.org,Darien YMCA,false,Basketball,
,davishoops.com,Nor Cal Wildcats,false,,
,delcogaels.com,Delco Gaels GAC,false,,
,delvaljrlax.com,Del Val Junior Lacrosse,false,Lacrosse,
,denvercharterleague.org,Hope Online Learning Academy,false,,
,derrygirlslacrosse.com,Derry Girls Lacrosse Club,false,Lacrosse,
,desertridgerattlers.com,Desert Ridge Lacrosse,false,,
,detroitlacrosseclub.com,Detroit Girls Lacrosse Club,false,,
,developmentmi.com,error opening web page,
,dgsasoftball.com,Dunlap Girls Softball Association,false,,
,district9westmichiganll.com,West Michigan District 9,false,,
,dmvblast.com,Bringing Learning And Sports Together,false,Basketball,
,donegaltribesoftball.org,Donegal Tribe Softball,false,,
,donohueskills.com,Donohue Hockey Skills,false,Hockey,
,dracutlacrosse.com,Dracut Youth Lacrosse,false,,
,drexelhillraiders.com,Drexel Hill Raiders,false,Basketball,
,dublinunited.org,Dublin United Soccer Club,false,Soccer,
,dullessouthlacrosse.com,Dulles South Lacrosse,false,Lacrosse,
,dunkirkwarriors.org,error opening web page,
,dunlapjfl.com,Dunlap JFL,false,Football,
,dutchsoccermanagement.com,Dutch Soccer Management,false,,
,duxburyyouthbaseball.com,Duxbury Youth Baseball,false,Baseball,
,duxburyyouthlacrosse.com,error opening web page,
,duxburyyouthsoftball.org,Duxbury Youth Softball,false,Softball,
,duxplex.net,DuxPlex,false,,
,dysasoccer.com,Dartmouth Youth Soccer Association,false,Soccer,
,eaglelax.us,EKLC,false,,
,eagleslax.org,Edmonds Youth Sports Lacrosse,false,Lacrosse,
,eastcoastsocceracademy.org,East Coast Soccer Academy,false,Soccer,
,ecneexpos.com,ECNE Expos,false,,
,ecneexpos.org,ECNE Expos,false,,
,edmondseagles.com,Edmonds Youth Sports Lacrosse,false,Lacrosse,
,eghoops.com,East Greenwich Basketball Association,false,,
,ehyha.com,East Haven Youth Hockey Association,false,,
,eklc.us,EKLC,false,,
,eliteflagfootballleague.com,Northeast Flag Football League,false,,
,elkharttitans.com,Elkhart Titans Baseball Club,false,Baseball,
,elmhurstbaseball.com,Elmhurst Baseball & Softball League,false,Softball,
,emeraldridgelacrosse.org,Emerald Ridge Lacrosse Club,false,Lacrosse,
,emeraldridgelacrosseclub.org,Emerald Ridge Lacrosse Club,false,Lacrosse,
,every-pitch.org,Stow Maynard Youth Baseball,false,,
,ewsports.com,error opening web page,
,excelhockeycamps.com,Excel Field Hockey,false,Hockey,
,exeteryouthlacrosse.org,Exeter Youth Lacrosse Association,false,Lacrosse,
,expresslax.com,error opening web page,
,extonlittleleague.org,Exton Little League,false,,
,faceoffclubnaples.com,The Faceoff Club of Naples, Inc.,false,,
,fairfaxfallbrawl.com,LaxNOVA Events,false,,
,fairfieldyouthfieldhockey.com,Fairfield Youth Field Hockey,false,,
,fairfieldyouthfootball.com,Fairfield Youth Athletic Association,false,Football,
,fairportlacrosse.com,Fairport Lacrosse,false,Lacrosse,
,falconathleticboosters.com,WHS Falcon Athletic Boosters,false,,
,falconathleticboosters.org,WHS Falcon Athletic Boosters,false,,
,fallenkoalas.com,SIP tests,false,,
,fallonlax.com,Fallon Lacrosse,false,Lacrosse,
,fargosoccer.org,Fargo Soccer Club,false,Soccer,
,farleu.com,error opening web page,
,fastpitchdynamics.com,error opening web page,
,fbl-orlando.com,Filipino Basketball League of Orlando,false,,
,fcblhoops.org,Fairfield County Basketball League,false,Basketball,
,fcdansville.com,FC Dansville,false,Soccer,
,fcfha.com,error opening web page,
,fchslax.com,Forsyth Central High School Lacrosse,false,Lacrosse,
,fcunitedmass.com,Futbol Club United of Massachusetts,false,,
,fcyfl.com,Fairfax County Youth Football League,false,Football,
,fglalax.com,Falcons Girls Lacrosse,false,Lacrosse,
,fhlacrosse.com,Forest Hill Lacrosse,false,,
,findleague.info,error opening web page,
,firehawksadmin.com,Firehawks Lacrosse,false,Lacrosse,
,fishhawkwolfpack.com,Fishhawk Wolfpack,false,,
,floridabraves.com,error opening web page,
,floridagenerals.com,Florida Generals Lacrosse,false,,
,floridalax.com,Florida Lacrosse Association,false,,
,floridanationalteam.com,Florida National Team,false,Lacrosse,
,forthuntlax.org,error opening web page,
,foxlaneyouthlacrosse.com,Fox Lane Youth Lacrosse,false,,
,foxonrecleague.com,Foxon Rec League,false,Baseball,
,fplax.usl.la,Park Youth Lacrosse,false,Lacrosse,
,fraasports.net,Franklin Regional Athletic Association,false,,
,framinghambasketball.com,Framingham Basketball,false,Basketball,
,framinghamsoftball.org,FRAMINGHAM GIRLS FASTPITCH SOFTBALL,false,Softball,
,friendsofbelmontsoccer.org,Friends of Belmont Soccer,false,Soccer,
,friendsofnewcanaanlacrosse.com,Friends of New Canaan Lacrosse,false,,
,friscofury.com,Girls Lacrosse Club of Frisco,false,Lacrosse,
,fvasc.com,Farmington Valley Adult Soccer Club, Inc.,false,,
,fxabowling.org,FXA Co-ed Bowling League,false,Basketball,
,fxadodgeball.org,FXA Dodgeball - Co-ed Adult Dodgeball League,false,Football,
,fxavolleyball.org,FXA Volleyball,false,Basketball,
,fylacrosse.com,Fairfield Youth Lacrosse,false,Lacrosse,
,gallatinvalleylacrosse.org,Bozeman Lacrosse,false,Lacrosse,
,gatewayyouthhockey.org,Gateway Youth Hockey,false,,
,gbhslacrosse.org,Granite Bay High School Lacrosse,false,Lacrosse,
,gburybaseball.com,Glastonbury Amateur Baseball,false,Baseball,
,gburylaxtourney.org,Glastonbury Lacrosse Tournament,false,Lacrosse,
,gdbaseball.org,Groton-Dunstable Youth Baseball,false,,
,gdybl.org,Groton Dunstable Youth Basketball League,true,Basketball,
,gdylax.org,Groton Dunstable Youth Lacrosse League, Inc.,false,,
,gdysc.org,Groton Dunstable Youth Soccer Club,false,Soccer,
,gfbll.com,Greater Fauquier Baseball Little League,false,,
,ghlniagara.com,GHL Niagara - Friendly Co-Ed Adult Hockey,false,Hockey,
,ghsboyslax.org,Guilford High School Boys Lacrosse,false,Lacrosse,
,gilberttigerlax.com,Higley Boys Lacrosse,false,,
,glastonburyfof.com,Glastonbury High School Tomahawks Football,false,
,girls.cincyroyals.com,Cincy Royals Lacrosse-Girls,false,Lacrosse,
,glastonburylittleleague.org,Glastonbury Little League,false,,
,go-magic.com,West Hartford Girls' Travel Basketball,false,Basketball,
,goavengers.org,error opening web page,
,goldbullions.net,error opening web page,
,goldenyouthbasketball.com,Golden Youth Basketball,false,Basketball,
,gonyfl.com,National Youth Football League,false,Football,
,goparkwood.org,Parkwood Athletic Booster Club,false,,
,grapevinewrestling.com,Grapevine Youth Wrestling,false,,
,greatbayvolleyball.com,603 United,false,,
,greaterherndonyouthfoundation.org,Greater Herndon Youth Foundation,false,,
,greaternewbedfordyouthlacrosse.com,New Bedford Youth Lacrosse,false,Lacrosse,
,greenlandrec.com,Greenland Recreation Dept,false,Football,
,greenwarriorssoccer.com,Green Warriors Soccer,false,Soccer,
,greenwichblueshockey.com,Greenwich Cardinals Youth Hockey Association,false,Hockey,
,greenwichjuniorbaberuth.org,error opening web page,
,greenwichsoftball.org,Greenwich Softball Organization Inc.,false,Softball,
,grovelandsoccer.org,Groveland Youth Soccer,false,Soccer,
,guilfordfootball.com,Guilford High School Football Touchdown Club,false,Football,
,gvsll.com,Goleta Valley South Little League,false,,
,haddonfieldbasketball.com,Haddonfield Youth Basketball Association,false,Basketball,
,hamburghawks.org,Hamburg Hawks Hockey Association,false,Hockey,
,hanoverhockey.com,Hanover Youth Hockey Association,false,Hockey,
,hanoverlacrosse.com,Friends of Hanover Lacrosse,false,Lacrosse,
,hansonyouthfootball.org,error opening web page,
,harrisonlittleleague.org,Harrison Little League,false,Baseball,
,hartfordjrwolfpackyouth.com,Hartford Junior Wolfpack Youth,false,,
,harvardlacrosse.org,HAA Youth Lacrosse,false,Lacrosse,
,harvardlax.org,HAA Youth Lacrosse,false,Lacrosse,
,harwintonsports.com,Harwinton Youth Sports Association,false,,
,heartwellbaseball.com,Heartwell Baseball Inc,false,Baseball,
,hebronsoccer.org,error opening web page,
,herefordlacrosseclub.com,Hereford Lacrosse,false,Lacrosse,
,herefordyouthfootball.com,Hereford Youth Football,false,Football,
,hhs-basketball.com,Huntsville High Panther Basketball,false,Basketball,
,hhspantherfootball.com,HHS Panther Football,false,Football,
,highlaneclub.com,error opening web page,
,hillsboroughfootball.com,Hillsborough Raiders Football,false,Football,
,hillsboroughlacrosse.com,Hillsborough Lacrosse,false,Lacrosse,
,hillsboroughlax.com,Hillsborough Lacrosse,false,Lacrosse,
,hiltonraiders.org,error opening web page,
,hnmcroton.com,Holy Name of Mary Croton,false,Basketball,
,hobokenlacrosseclub.com,Hoboken Lacrosse Club,false,Lacrosse,
,hockeyatproskate.com,error opening web page,
,hollistonyouthhockey.org,Demons Youth Hockey,false,Hockey,
,holyokealliesbaseball.com,Holyoke Allies Baseball Club,false,Baseball,
,holyokegirlssoftball.com,Holyoke Youth Girls Softball League,false,Softball,
,holyrosaryraidersbasketball.com,Holy Rosary Raiders Basketball,false,Basketball,
,homerstallions.com,Homer Stallions,false,Football,
,honfl.com,Herndon Optimist Youth Flag Football League,false,Football,
,hopeplays.org,Hope Online Learning Academy,false,,
,horshamgirlslacrosseclub.com,Horsham Girls Lacrosse Club,false,Lacrosse,
,horshamlacrosseclub.com,Horsham Lacrosse Club,false,Lacrosse,
,hpycjs.org,HPYC Junior Sailing,false,,
,hract.net,HOCKEY REFEREE ASSOCIATION OF CT,false,,
,hsabaseball.com,Lowell Highland Sports Association,false,Softball,
,hudsonvilleyouthfootball.com,Hudsonville Youth Football,false,Football,
,hunterdonmohawklacrosse.com,error opening web page,
,huntingtonboosterclub.com,Huntington Booster Club,false,,
,huynhduc.net,error opening web page,
,hvexpresslax.com,error opening web page,
,hvhsiha.org,Hudson Valley HS Ice Hockey Assoc.,false,Hockey,
,iceattheparkshockey.com,ICE at The Parks Hockey Department,false,Hockey,
,iceforumhockey.com,IceForum Hockey Association,false,Hockey,
,idahooutlawlacrosse.com,error opening web page,
,iflacrosse.com,Idaho Falls Youth Lacrosse,false,Lacrosse,
,igivelax.com,igivelax,false,Lacrosse,
,ihmbasketball.org,IHM CYO Basketball,false,Basketball,
,ihrecsports.com,Indian Hill Recreation Commission,false,Softball,
,indianagirlslacrosse.com,Indiana Girls Lacrosse Association,false,Lacrosse,
,indianayouthlacrosse.org,error opening web page,
,infoskillhub.com,error opening web page,
,integratedsportstraining.com,IST Sports Headquarters,false,Lacrosse,
,irondequoityouthlacrosse.com,Irondequoit Lacrosse,false,Lacrosse,
,irondequoityouthlacrosse.org,Irondequoit Lacrosse,false,Lacrosse,
,irvingtonlax.com,Irvington Youth Lacrosse,false,Lacrosse,
,iscorecentral.com,error opening web page,
,iscoreleagues.com,error opening web page,
,iscoresports.com,error opening web page,
,isulacrosse.com,ISU Men's Lacrosse Club,false,Lacrosse,
,isylboston.com,Irish Sports Youth League,false,,
,ithacalacrosseclub.org,Ithaca Lacrosse Club,false,Lacrosse,
,iyaahoops.com,IYAA Basketball,false,Basketball,
,jamestownlakers.com,Chautauqua County Youth Hockey Association,false,Hockey,
,jbfootball.net,Joel Barlow High School Football,false,Football,
,jeffcoleague.com,Jeffco Sports Cooperative,false,Baseball,
,jeffcoleague.org,Jeffco Sports Cooperative,false,Baseball,
,jeffcosoftball.com,Girls Softball League of Jefferson County,false,Softball,
,jeffersonsoftball.com,Jefferson Softball,false,Softball,
,jetslax.com,Jets Lacrosse,false,Lacrosse,
,jetslax.org,Jets Lacrosse,false,Lacrosse,
,jokerslax.com,Jokers Lacrosse,false,Lacrosse,
,jrbobcatshockey.com,Elite Hockey Program,false,Hockey,
,jrnorsemenlacrosse.com,error opening web page,
,jrraidersfootball.com,Hillsborough JR Raiders,false,,
,kbuchanan.aupairnews.com,error opening web page,
,kcmgla.com,Kansas City Metro Girls Lacrosse Association,false,Lacrosse,
,kentislandlax.com,Kent Island Youth Lacrosse,false,Lacrosse,
,kingsmenlacrosse.com,Penn Kingsmen Lacrosse,false,Lacrosse,
,kjbathletics.org,KJB ATHLETICS,false,,
,knbaseball.com,error opening web page,
,knotholebaseball.com,Knothole Baseball,false,Baseball,
,knotholebaseballeast.com,Cincinnati Knothole Baseball - East,false,Baseball,
,knotholebaseballnorth.com,Cincinnati Knothole Baseball - North Region,false,Baseball,
,knotholebaseballsouth.com,Cincinnati Knothole Baseball - South,false,Baseball,
,knotholebaseballwest.com,Cincinnati Knothole Baseball - West,false,Baseball,
,knotholecentral.com,Knothole Central Region,false,,
,knowledgemart.org,error opening web page,
,kplacrosse.org,King Philip Youth Lacrosse,false,Lacrosse,
,kwlax.org,Kingwood Lacrosse Club,false,Lacrosse,
,laceylax.com,Lacey Pride Lacrosse Club,false,Lacrosse,
,laconiachiefs.com,Laconia Chiefs Football Spirit,false,Football,
,ladycolonialslacrosse.com,Morristown Lady Colonials,false,,
,ladycolonialslacrosse.org,Morristown Lady Colonials,false,,
,lakevilletrack.com,Lakeville Track and Field Association,false,,
,lakotatomahawks.org,error opening web page,
,lancasterfootballcheer.com,Lancaster NY Youth Football & Cheer,false,Football,
,lancasterlittleleague.com,Lancaster Youth Baseball and Softball,false,Softball,
,langleylaxons.net,error opening web page,
,laxergirlteams.com,LAXERGIRL TEAMS,false,,
,laxrats.com,Team Lax Rats,false,,
,laxskills.com,error opening web page,
,laybl.net,Lou Athanas Youth Basketball League,false,Basketball,
,leagues.iscoresports.com,error opening web page,
,leesburggirlssoftball.net,Leesburg Girls Softball League,false,Softball,
,leominsteryouthsoccer.com,Leominster Youth Soccer Association,false,Soccer,
,leonardtownlax.com,error opening web page,
,letchworthsoccerclub.com,Letchworth Soccer Club,false,Soccer,
,lewisborobaseball.org,error opening web page,
,lexhoops.com,Lexington Youth Basketball Association,false,Basketball,
,lexhoops.org,Lexington Youth Basketball Association,false,Basketball,
,lglls.org,Loudoun Girls Little League Softball,false,Softball,
,lhslancershockey.com,Longmeadow High School Hockey,false,Hockey,
,libengalslax.com,LI Bengals Lacrosse,false,Lacrosse,
,lijawz.com,Long Island Jawz Spring Elite Hockey Club,false,Hockey,
,lionswrestling.org,Lions Wrestling,false,,
,listadedomenii.blogspot.com,error opening web page,
,litchfieldhillslacrosse.com,Litchfield Hills Youth Lacrosse,false,Lacrosse,
,litchfieldlacrosse.com,Litchfield Hills Youth Lacrosse,false,Lacrosse,
,littletonbromfieldhockey.org,Littleton Bromfield Middle School Hockey Association,false,Hockey,
,littletonhoops.org,Littleton Youth Basketball,false,Basketball,
,littletonyouthhockey.org,Nashoba Youth Hockey Association,false,Hockey,
,llgsl.org,Lower Loudoun Girls Softball League,false,Softball,
,lmbaseball.com,Little Miami Youth Baseball,false,Baseball,
,lmybaseball.com,Little Miami Youth Baseball,false,Baseball,
,longvalleytravelsoccer.org,Long Valley United Travel Soccer,false,Soccer,
,loudounsouthbaseball.com,Loudoun South Baseball,false,Baseball,
,loudounstars.org,Loudoun Stars,false,,
,louisvillebaseballassociation.org,error opening web page,
,lovelandlacrosse.com,Loveland Lacrosse,false,Lacrosse,
,lowerloudounsoftball.com,Lower Loudoun Girls Softball League,false,Softball,
,lowerloudounsoftball.org,Lower Loudoun Girls Softball League,false,Softball,
,ludlowhockey.org,Ludlow Hockey Association,false,Hockey,
,lumbertonlittleleague.com,Lumberton Little League,false,Baseball,
,lvnativeslc.com,Lehigh Valley Natives Lacrosse Club,false,Lacrosse,
,lvusc.org,error opening web page,
,lybs.us,Lancaster Youth Baseball and Softball,false,Softball,
,lynchburgselect.com,Lynchburg Select Lacrosse,false,Lacrosse,
,lynchburgselectlacrosse.com,error opening web page,
,lynxlax.com,CT Lynx Elite Lacrosse Program,false,Lacrosse,
,lysa.us,Lancaster Youth Soccer Association,false,Soccer,
,madisonctbaseball.com,Madison Little League,false,,
,magnolialacrosse.com,Magnolia Lacrosse Association,false,Lacrosse,
,magnolialax.com,error opening web page,
,maplecitymayhem.com,Maple City Mayhem,false,Hockey,
,maplewoodbaseball.net,Maplewood Independent Youth Baseball League,false,Baseball,
,marasports.net,error opening web page,
,marbleheadbaseball.org,Marblehead Youth Baseball,false,Baseball,
,marcelluslacrosse.com,Marcellus Girls Lacrosse Club,false,Lacrosse,
,margateriptides.com,Margate Lacrosse,false,Lacrosse,
,mariemontbaseball.org,Mariemont Rec Baseball,false,Baseball,
,mariemontbasketball.org,Mariemont Rec Basketball,false,Basketball,
,mariemontsoftball.org,Mariemont Rec Softball,false,Softball,
,mariemontsports.org,Mariemont Recreation Association,false,,
,mariemonttrack.org,Mariemont Rec Track,false,,
,mariemontvolleyball.org,Mariemont Rec Volleyball,false,,
,marinwolves.com,Marin Wolves Lacrosse Club,false,Lacrosse,
,marshfieldflag.com,Marshfield Flag Football Program,false,Football,
,marshfieldgirlslax.com,Marshfield Girls Lacrosse Club,false,Lacrosse,
,marshfieldgirlssoftball.org,error opening web page,
,marshfieldyouthfootball.com,Marshfield Youth Football,false,Football,
,marshfieldyouthhockey.com,Marshfield Youth Hockey,false,Hockey,
,marslax.org,Mars Youth Lacrosse Association,false,Lacrosse,
,marsoccer.org,Mecklenburg Area Recreational Soccer,false,Soccer,
,marylandlacrosseclub.com,error opening web page,
,masonlacrosse.com,Mason High School Boys Lacrosse,false,Lacrosse,
,massdrifters.com,Mass Drifters,false,,
,mastp.com,Massachusetts Satellite Training Program,false,Hockey,
,mavistirehr.com,Mavis Tire HR,false,,
,mavslax.com,Mavericks Lacrosse League,false,Lacrosse,
,maxsinoway.com,Max Sinoway Baseball,false,Baseball,
,mcihl.com,error opening web page,
,mcleanboxlax.net,McLean Box Lacrosse,false,Lacrosse,
,mcleanfencing.org,McLean Youth Fencing,false,,
,mcleanfieldhockey.org,MFC Field Hockey,false,Hockey,
,mcleansquash.org,McLean Squash,false,,
,mcyh.net,error opening web page,
,medwaybasketball.org,Medway Amateur Basketball Association,false,Basketball,
,merrimacbaseball.com,Merrimac Baseball, Inc.,false,Baseball,
,mhscardinallax.com,error opening web page,
,midpennlacrosse.org,MID-PENN YOUTH LACROSSE ASSOCIATION,false,
,midstatehockey.com,error opening web page,
,midwestgirlslax.com,Midwest Girls Lacrosse League,false,Lacrosse,
,milfordyouthwrestling.org,Milford Youth Wrestling,false,,
,miltonboosters.com,Milton High School Boosters,false,,
,miltonjunioreagles.com,error opening web page,
,miltonlacrosse.org,Milton Youth Lacrosse,false,Lacrosse,
,minisinkyouthlax.com,Minisink Valley Youth Lacrosse,false,Lacrosse,
,mjsdodgers.org,error opening web page,
,mjslw.com,,false,,
,mmcyouthfootball.net,MMC Youth Football,false,Football,
,mokenablast.com,Mokena BLAST,false,,
,mokenablaze.com,Mokena Blaze,false,,
,montvillesoccernj.com,Montville Soccer Association,false,Soccer,
,moonarealax.com,Moon Area Lacrosse,false,Lacrosse,
,moorestownicehockey.com,Moorestown Quakes Ice Hockey Club,false,Hockey,
,moorestownwrestling.com,Moorestown Wrestling,false,,
,moorparkfieldhockey.com,Moorpark Field Hockey,false,Hockey,
,morrisplainssports.com,MP Sports,false,,
,mortongirlssoftball.com,Morton Girls Softball Association,false,Softball,
,mortonpremiersoccer.com,Morton Premier Soccer Club,false,Soccer,
,mosoa.org,Northwest Columbus Soccer Officials Association and Mid Ohio Soccer Officials Association,false,Soccer,
,motorcitystars.org,Motor City Stars Hockey,false,Hockey,
,mountainlakeslacrosse.com,Mountain Lakes Lacrosse Club,false,Lacrosse,
,mountainlax.com,Mountain Lacrosse League,false,Lacrosse,
,mpsportsclub.org,MP Sports,false,,
,mtlax.org,Manheim Township High School Lacrosse,false,Lacrosse,
,mtyaabaseball.org,MTYAA Baseball,false,Baseball,
,mtzyouthsports.com,Mt. Zion Youth Sports Organization,false,Softball,
,mustat.com,error opening web page,
,mvhsladylacrosse.com,MVHS Lady Mavericks Lacrosse,false,Lacrosse,
,my.iscorecentral.com,error opening web page,
,mycgl.com,Middlesex Yankee Conference Girls Hockey League,false,Hockey,
,myflsharks.com,Manassas Youth Football League,false,Football,
,myha.com,Methuen Youth Hockey Association,false,Hockey,
,mylalax.com,Maryland Youth Lacrosse Association,false,Lacrosse,
,mylaxct.com,Monroe Lacrosse Association,false,Lacrosse,
,mysticlittleleague.com,Mystic Little League,false,Softball,
,myteamgymnastics.com,MyTeamGymnastics,false,,
,nahlpgh.com,NAHL-PGH,false,Hockey,
,napleslacrosse.com,The Faceoff Club of Naples, Inc.,false,,
,nashobaunited.com,error opening web page,
,nassaucountylacrosse.com,Long Island Men's Lacrosse Leagues, LLC,false,Lacrosse,
,navigatorlax.com,error opening web page,
,ncdcamps.com,NCD Camps,false,Hockey,
,ncwlo.org,NorCal Womens Lacrosse Officials,false,Lacrosse,
,nedusah.org,New England District Hockey,false,Hockey,
,needhambaseball.com,Needham Baseball & Softball,false,Softball,
,needhamlacrosse.com,Needham Girls Youth Lacrosse,false,Lacrosse,
,nefusionfastpitch.com,New England Fusion Fastpitch,false,Softball,
,nerenegades.com,New England Renegades Hockey Association,false,Hockey,
,newalbanylax.org,New Albany Youth Lacrosse Association,false,Lacrosse,
,newburyportsoccer.com,Newburyport Youth Soccer Association,false,Soccer,
,newcanaanbbsb.com,New Canaan Baseball,false,Baseball,
,newcitybaseball.org,GENERALS BASEBALL ACADEMY,false,Baseball,
,newegyptbaseball.com,New Egypt Baseball,false,Baseball,
,newenglandunited.com,New England United,false,,
,newingtonll.com,Newington Little League,false,Softball,
,newmexicolacrosse.com,New Mexico High School Lacrosse Association,false,Lacrosse,
,newmilfordwrestling.com,New Milford Wrestling Association,false,,
,newmilfordwrestling.org,New Milford Wrestling Association,false,,
,newtonbaseball.org,Newton SouthEast Little League,false,,
,newtongirlslacrosse.com,Newton Girls Youth Lacrosse,false,Lacrosse,
,newtongirlssoftball.org,Newton Girls Softball,false,Softball,
,newtonll.org,Newton SouthEast Little League,false,,
,nextlevelsocceracademy.net,error opening web page,
,nfsoccer.com,New Fairfield Soccer Club,false,Soccer,
,nhwildcats.com,NH Jr. Wildcats Football and Cheer,false,Football,
,nhyb.us,North Hunterdon Youth Baseball and Softball,false,Softball,
,nipmuclax.com,Nipmuc Youth Lacrosse Association,false,Lacrosse,
,nitasrandomthoughts.blogspot.com,error opening web page,
,nitroknightslacrosse.com,Warriors Lacrosse,false,Lacrosse,
,nitroknightslacrosse.info,Warriors Lacrosse,false,Lacrosse,
,nitroknightslacrosse.org,Warriors Lacrosse,false,Lacrosse,
,nlbanh.com,Next Level Basketball Academy of New Hampshire,false,Basketball,
,nlbsa.us,error opening web page,
,nonotuckvalleyhockey.org,Nonotuck Valley Hockey Association,false,Hockey,
,norcalchapter.org,NorCal Chapter of USA Lacrosse,false,Lacrosse,
,norcalwildcats.com,Nor Cal Wildcats,false,,
,norchesterbasketball.com,Norchester Basketball,false,Basketball,
,northaurorabaseball.com,North Aurora Baseball Association,false,Baseball,
,northbranfordlittleleague.org,North Branford Little League,false,Softball,
,northerndutchesslax.com,Northern Dutchess Boys Youth Lacrosse Association,false,Lacrosse,
,northernneckrage.com,error opening web page,
,northfordice.com,Northford Ice Pavilion,false,,
,northhavenlax.com,North Haven Lacrosse,false,Lacrosse,
,northpennlittleleague.com,North Penn Baseball Association,false,Baseball,
,northunionjuniorfootballleague.com,North Union Junior Football League,false,Football,
,northviewcrosscountry.com,Northview Cross Country,false,,
,northviewjrlacrosse.com,Northview Junior Lacrosse,false,Lacrosse,
,northviewlittleleague.net,Northview Little League,false,,
,northviewmenslacrosse.com,Northview Mens Lacrosse,false,Lacrosse,
,northwestlacrosse.org,NorthWest Lacrosse Association,false,Lacrosse,
,nortonbasketball.com,Norton Basketball Association,false,Basketball,
,norwelllacrosse.com,Norwell Youth Lacrosse,false,Lacrosse,
,novaayf.com,NOVA AYF,false,,
,noylax.com,New Oxford Youth Lacrosse Club,false,Lacrosse,
,nrilacrosse.org,Northern Rhode Island Youth Lacrosse Association,false,Lacrosse,
,nrlax.com,New Rochelle Lacrosse,false,Lacrosse,
,nsbahoops.com,North Shelby Basketball Association,false,Basketball,
,ntbsa.us,error opening web page,
,ntnll.com,North Tonawanda National Little League,false,,
,nutmegsoaring.org,Nutmeg Soaring Assn,false,,
,nvhockey.org,North Valley Hockey and Sports Complex,false,Hockey,
,nwdteams.com,Northwest District - CJSA,false,,
,nwisteelheads.com,NWI Elite Steelheads Lacrosse,false,Lacrosse,
,nwll.us,Northwestern Little League,false,,
,nyackyouthlacrosse.com,Nyack Youth Lacrosse,false,Lacrosse,
,nyconnfhc.com,CT Elite Field Hockey Club,false,Hockey,
,nyhl.org,error opening web page,
,oakforestsoftball.com,Oak Forest Park District Girls Softball Association,false,Softball,
,oceangirlslacrosse.com,Ocean Girls Lacrosse,false,Lacrosse,
,oconeelacrosse.com,Oconee Youth Lacrosse Association,false,Lacrosse,
,ogaa.net,Oak Grove Athletic Association,false,Softball,
,ohiochampionsleague.org,error opening web page,
,oldrochesteryouthlacrosse.com,Old Rochester Youth Lacrosse,false,Lacrosse,
,oldsaybrookbasketball.com,Old Saybrook Basketball Club,false,Basketball,
,oldsaybrooksc.com,Old Saybrook Soccer Club,false,Soccer,
,oldsaybrooksoccer.com,Old Saybrook Soccer Club,false,Soccer,
,olmhoops.org,Our Lady of Mercy,false,,
,olphcyopelham.com,OLPH St Catharines CYO Basketball (Pelham),false,Basketball,
,olssports.com,Our Lady of Sorrows Sports Programs,false,Basketball,
,olvathletics.com,error opening web page,
,omahalaxclub.com,Omaha Lacrosse Club,false,Lacrosse,
,oppioneers.com,Orland Park Pioneers,false,Football,
,oregonlacrosseclub.org,Oregon Lacrosse Club,false,Lacrosse,
,orlandobaberuth.com,Orlando Babe Ruth,false,,
,orlandobaberuth.org,Orlando Babe Ruth,false,,
,oslittleleague.com,Old Saybrook Little League,false,,
,outlawshockey.com,Central Mass Outlaws,false,Hockey,
,owingsoutlaws.com,Owings Outlaws Youth Club - Youth Football, Cheer, Sports,false,Football,
,oxfordhillsathleticboosters.org,Oxford Hills Athletic Boosters,false,Soccer,
,oxfordlax.com,OXFORD SWARM LACROSSE,false,Lacrosse,
,oxfordsoccer.com,Oxford Soccer Club, Oxford NC,false,Soccer,
,palicehockey.com,PAL Hockey,false,Hockey,
,parkgirlslax.com,Park Girls Lacrosse,false,Lacrosse,
,parsippanylacrosse.com,Parsippany Lacrosse Club,false,Lacrosse,
,patriotbaseball.org,error opening web page,
,pbyouthlaxclub.com,Pine Bush Youth Lacrosse Club,false,Lacrosse,
,pcaba.com,Plain City Area Ball Association,false,Softball,
,pciceminers.com,Summit and Wasatch County Amateur Hockey Association (DBA Park City Ice Miners),false,Hockey,
,pelhamathletics.com,Pelham School District,false,Lacrosse,
,pelhambasketball.com,Pelham Travel Basketball,false,Basketball,
,pelhamlacrosse.com,error opening web page,
,pembrokebaseball.com,error opening web page,
,pennlacrosse.com,Penn High School Girls Lacrosse,false,Lacrosse,
,pennridgebaseball.com,error opening web page,
,pentucketyouthbasketball.org,Pentucket Youth Basketball,false,Basketball,
,petalbaseballassociation.com,Petal Sports Association,false,Softball,
,phslacrosse.org,Boys Lacrosse Booster Club,false,Lacrosse,
,piedmontnclax.com,error opening web page,
,pinerichlandcheerleading.org,Pine-Richland Cheerleaders Parent Association,false,,
,pinerichlandcrew.org,Pine-Richland Crew,false,,
,pirdu.com,error opening web page,
,plainvillesoccer.net,Plainville Soccer Club,false,Soccer,
,playevergreen.com,Evergreen Athletic Association,false,Football,
,plymouthbaberuth.com,Plymouth Babe Ruth,false,Baseball,
,plymouthrocklacrosse.org,Plymouth Rock Youth Lacrosse, Inc.,false,Lacrosse,
,pomperauglacrosse.com,Pomperaug Lacrosse,false,Lacrosse,
,pomperaugyouthbaseball.com,error opening web page,
,porterridgeabc.com,error opening web page,
,porterridgeabc.org,error opening web page,
,portlandyouthfootball.com,error opening web page,
,postonseo.com,error opening web page,
,powaylacrosse.com,error opening web page,
,powaysoccerwomen.com,North County Women's Soccer Association,false,Soccer,
,powhatanlacrosse.com,Powhatan Lacrosse,false,Lacrosse,
,powhatanlacrosse.org,Powhatan Lacrosse,false,Lacrosse,
,powhatanlax.org,Powhatan Lacrosse,false,Lacrosse,
,ppba.net,Pacific Palisades Baseball Association,false,Baseball,
,princefrederickeagles.com,Prince Frederick Eagles - Youth Football, Cheer, Lacrosse,false,Football,
,prlax.com,Pine Richland Youth Lacrosse,false,Lacrosse,
,prosper-lacrosse.com,Prosper Lacrosse,false,Lacrosse,
,pscdynamo.com,PSC Dynamo CT Soccer Club,false,Soccer,
,psipsi.org,737 Comstock Avenue Inc.,false,,
,ptclax.com,error opening web page,
,quakercitylacrosse.com,Quaker City Lacrosse,false,Lacrosse,
,rankwebdirectory.com,error opening web page,
,rapidfirehockey.com,Rapid Fire Hockey,false,Hockey,
,raptors-basketball.org,Raptor Athletics - Basketball,false,Basketball,
,rasasoftball.com,Richland Area Softball Association,false,Softball,
,rdjrfootball.com,River Dell Junior Football,false,Football,
,rebelslacrosseclub.org,error opening web page,
,redbirdsoftball.com,Upper Freehold Baseball & Softball League,false,Baseball,
,redmondladystangs.com,Redmond Mustangs Girls Basketball,false,Basketball,
,redtaillax.com,Red Tail Lacrosse Club,false,Lacrosse,
,resurrectioncyo.com,Resurrection CYO Basketball,false,Basketball,
,revwestchester.com,error opening web page,
,revwestchesterlacrosse.com,REV Westchester Lacrosse,false,Lacrosse,
,rfl.cc,Rockville Football League,false,Football,
,rhslax.com,Ridgefield Tigers Boy's Lacrosse,false,Lacrosse,
,rhyfc.com,Rocky Hill Youth Football & Cheerleading,false,Football,
,richlandslittleleague.net,Richlands Little League,false,,
,richlandslittleleague.org,Richlands Little League,false,,
,richmondll.com,Richmond Little League,false,Softball,
,richwoodsjfl.org,Richwoods JFL,false,Football,
,riderclubsoftball.com,Rider Club Softball,false,Softball,
,riderselectbasketball.org,Rider Select,false,Basketball,
,ridgebaseballclub.com,Ridge Baseball Club,false,Baseball,
,ridgefieldgirlssoftball.org,Ridgefield Girls Softball,false,Softball,
,ridgefieldskiclub.com,RIDGEFIELD SKI CLUB,false,,
,riversidefootball.net,Riverside High School Football,false,Football,
,riversidelacrosse.com,Riverside Lacrosse Club - Painesville Twp. Ohio,false,Lacrosse,
,rivervalleyfootball.com,River Valley Youth Football League,false,Football,
,rlspartans.org,Round Lake Spartans Football & Cheer Organization,false,Football,
,rockyhilllacrosse.com,Rocky Hill Lacrosse Club Inc.,false,Lacrosse,
,rockyhilllacrosse.org,Rocky Hill Lacrosse Club Inc.,false,Lacrosse,
,rockyhilllax.com,Rocky Hill Lacrosse Club Inc.,false,Lacrosse,
,rockyhilllax.org,Rocky Hill Lacrosse Club Inc.,false,Lacrosse,
,rockyhilllittleleague.com,Rocky Hill Little League,false,Baseball,
,rockymountainstormlacrosse.org,Rocky Mountain Storm Lacrosse Club,false,Lacrosse,
,romegirlslacrosse.com,Rome Girls Lacrosse,false,Lacrosse,
,rrvla.com,Red River Valley Lacrosse Association,false,Lacrosse,
,rtbaseball.org,Rockaway Township Baseball Association,false,Baseball,
,runmason.com,Mason XC, Track & Field,false,,
,rwcll.org,Redwood City Baseball,false,Baseball,
,ryeprep.org,Resurrection Parish Religious Education Program,false,,
,ryerangers.com,Rye Rangers Hockey Club,false,Hockey,
,ryhockey.com,Rochester Youth Hockey League, Inc.,false,Hockey,
,sachemhockey.com,Sachem Ice Hockey Club,false,Hockey,
,saintaedancyo.org,Saint Aedan CYO Basketball,false,Basketball,
,salem03079softball.com,Salem Men's Softball,false,Softball,
,salemsoccer.com,Salem Youth Soccer Association Inc,false,Soccer,
,salemyouthbaseball.net,Salem Youth Baseball,false,Baseball,
,samspaslowpitch.com,SAMSPA - St. Albert Men's Slow Pitch Association,false,,
,sanfernandovalleylacrosse.org,SFV Lacrosse,false,Lacrosse,
,santamonicavikingslacrosse.com,Santa Monica Vikings Lacrosse,false,Lacrosse,
,savagelax.org,Savage Lacrosse,false,Lacrosse,
,saybbl.com,St. Albans Youth Basketball League,false,Basketball,
,sb.iscoresports.com,error opening web page,
,scarsdaleyouthbasketball.org,Scarsdale Youth Basketball,false,Basketball,
,scgirlslax.com,Suffolk County Girls Lacrosse,false,Lacrosse,
,scituatelacrosse.com,Scituate Youth Lacrosse,false,Lacrosse,
,scottsvilleathletic.org,Scottsville Athletic Association,false,,
,scwildcats.info,Santa Clarita Youth Sports Association,false,,
,scwisconsin.com,Sporting Club of Wisconsin,false,,
,scyhstars.org,Southern Connecticut Youth Hockey,false,Hockey,
,sehomelacrosse.com,error opening web page,
,semanticjuice.com,error opening web page,
,seminolelax.org,Seminole Lacrosse,false,Lacrosse,
,sevenlakeslacrosse.com,Seven Lakes Lacrosse,false,Lacrosse,
,sfacyohoops.com,St Francis CYO Basketball,false,Basketball,
,sfvlacrosse.org,SFV Lacrosse,false,Lacrosse,
,sgsl.info,Southington Girls Softball League,false,Softball,
,sharkselitehockey.com,Sharks Elite Hockey Club,false,Hockey,
,shjsports.org,Sacred Heart of Jesus Sports,false,Basketball,
,shorelinebreakers.org,Shoreline Breakers, Inc.,false,Softball,
,shorelinefc.com,Chelsea Piers Soccer Club,false,Soccer,
,shrineathletics.com,Shrine Catholic Athletics,false,,
,sihighschoolhoops.org,St Isidore High School Hoops,false,,
,silverspringlacrosse.org,Silver Spring Warriors Boys & Girls Youth Lacrosse,false,Lacrosse,
,simsburybaberuth.com,Simsbury Babe Ruth,false,Baseball,
,simsburyrugby.com,Simsbury Rugby Club,false,,
,skanlax.com,Skaneateles Lacrosse,false,Lacrosse,
,skansoccer.com,Skaneateles Youth Soccer Organization,false,Soccer,
,slyla.com,St. Louis Youth Lacrosse Association,false,Lacrosse,
,smalawattorneys.com,Nassau Hockey League,false,Hockey,
,smgll.org,St Marys Girls Lacrosse League,false,Lacrosse,
,smithtownboosterclub.com,error opening web page,
,smithtownyouthlax.com,SMITHTOWN TOWNSHIP LACROSSE,false,,
,smvikings.org,Westside Vikings,false,Football,
,socialyta.com,error opening web page,
,softballinloudoun.org,Loudoun County Softball Alliance,false,Softball,
,solanabeachlittleleague.com,Solana Beach Little League,false,,
,solonlacrosse.com,Solon Lacrosse Inc,false,Lacrosse,
,somerslacrosse.org,Somers Lacrosse Association (CT),false,Lacrosse,
,soonersolutions.com,Prince Frederick Eagles - Youth Football, Cheer, Lacrosse,false,Football,
,souheganvalleylacrosse.com,Amherst Lacrosse,false,Lacrosse,
,soundlacrossecamps.com,error opening web page,
,southasianbasketball.com,SASN Sports,false,,
,southbendlacrosse.com,South Bend Bears Youth and High School Lacrosse Club,false,Lacrosse,
,southboroughbasketball.org,Southborough Youth Basketball,false,Basketball,
,southcharlotterec.com,South Charlotte Recreation Association,false,,
,southcoastpanthers.com,error opening web page,
,southdaytoncatholiclax.org,South Dayton Catholic Lacrosse Club,false,Lacrosse,
,southingtonlacrosse.com,Southington Lacrosse Association,false,Lacrosse,
,southjeffbaseball.org,South Jeffco Sports Association Baseball,false,Baseball,
,southjefflax.org,South Jeffco Lacrosse,false,Lacrosse,
,southjefftrack.org,South Jeffco Track,false,,
,southorlandobaseball.com,South Orlando Babe Ruth,false,Baseball,
,southsideindyfc.com,Indy Strikers FC,false,,
,southsunrise.com,South Sunrise Little League,false,,
,southwindsorlittleleague.org,South Windsor Little League,false,Softball,
,spaldingcountyathletics.com,Spalding County Athletic Association,false,,
,spartanlaxteam.com,Spartanlax,false,Lacrosse,
,spearfishyouthbasketball.com,Spearfish Junior League Basketball,false,Basketball,
,spencerportsoccerclub.org,Spencerport Soccer Club,false,Soccer,
,spencerportyouthlacrosse.org,Spencerport Youth Lacrosse,false,Lacrosse,
,spfraiderfutures.com,SPF Futures Lacrosse,false,Lacrosse,
,spitfireshockey.com,Massachusetts Spitfires Girl's/Women's Ice Hockey Club,false,Hockey,
,sportingct.net,Sporting CT,false,Soccer,
,sports.bgcs.org,error opening web page,
,sportzcampz4kidz.com,Sportzcampz4kidz,false,Lacrosse,
,sportzcampz4kidz.org,Sportzcampz4kidz,false,Lacrosse,
,springboroselectbaseball.com,error opening web page,
,srlax.org,Scripps Ranch Lacrosse Association,false,Lacrosse,
,ssajoliet.com,error opening web page,
,sslax.org,Silver Spring Warriors Boys & Girls Youth Lacrosse,false,Lacrosse,
,staemmaus.org,St. Aloysius Emmaus,false,,
,staffordctlittleleague.com,Stafford Little League,false,Softball,
,stamfordcoedsoccer.com,Stamford Coed Soccer League,false,Soccer,
,stamfordlacrosse.org,Stamford Lacrosse Association,false,Lacrosse,
,stamfordnorthlittleleague.com,Stamford North Little League,false,Baseball,
,stamfordnorthll.com,Stamford North Little League,false,Baseball,
,staplesathletics.com,Staples High School Athletic Department,false,,
,stapleslax.com,Staples Lacrosse Association,false,Lacrosse,
,statestournament.blogspot.com,error opening web page,
,statetournaments.blogspot.com,error opening web page,
,stbrendansyouthgac.com,St Brendans Youth Gaelic Athletic Club,false,,
,stealthlacrosse.com,Stealth Lacrosse,false,Lacrosse,
,steamboatgirlslacrosse.org,Steamboat Girls Lacrosse,false,Lacrosse,
,steamboatyouthlacrosse.org,Steamboat Youth Lacrosse,false,Lacrosse,
,stevenspointyouthlacrosse.org,Stevens Point Youth Lacrosse,false,Lacrosse,
,stinghockeyri.com,Rhode Island Sting,false,,
,stjosephcyo.com,St. Joseph CYO,false,Basketball,
,stmaryshoops.com,St. Mary's CYO Basketball,false,Basketball,
,stowhoops.org,Stow Youth Basketball Association,false,Basketball,
,stpaullakers.org,St. Paul on the Lake Athletics,false,,
,stratfordstorm.com,Stratford Youth Lacrosse,false,Lacrosse,
,strongsvillefootballleague.com,The Strongsville Football League,false,Football,
,sttsl.org,Southern Tier Travel Soccer League,false,Soccer,
,styxlax.com,O'Fallon Styx Lacrosse,false,Lacrosse,
,sudburybaseball.com,LS Youth Baseball,false,Baseball,
,sudburybasketball.com,Sudbury Youth Basketball,false,Basketball,
,sudburylacrosse.com,Lincoln Sudbury Boys Youth Lacrosse,false,Lacrosse,
,suffernlittleleague.com,Suffern Little League,false,,
,suffernselect.com,Yellow Jackets Rockland Girls Lacrosse club,false,Lacrosse,
,supersixtycamps.com,Super Sixty Camps,false,,
,swgirlslax.org,South Windsor Girls Lacrosse,false,Lacrosse,
,swohshl.org,Southwest Ohio High School Hockey League,false,Hockey,
,swpanthers.org,SW Panthers Inc.,false,Football,
,syhockey.com,Stoneham Youth Hockey,false,Hockey,
,tampascorpions.com,Tampa Scorpions Hockey,false,Hockey,
,tcblbasketball.org,Tri-County Basketball League,false,Basketball,
,tcwolverines.net,Tri-City Wolverines,false,,
,tcwolverines.org,Tri-City Wolverines,false,,
,teamctlax.com,TEAM CONNECTICUT LACROSSE CLUB,false,Lacrosse,
,terrierssports.com,Terriers Sports,false,Baseball,
,tewksburybasketball.org,Tewksbury Boys Basketball League,false,Basketball,
,thedetroitlacrosseclub.com,Detroit Girls Lacrosse Club,false,Lacrosse,
,themegaphone.com,Sharon Springs Cheerleading Association,false,Football,
,thepisa.com,Pro Impact Soccer Academy,false,Soccer,
,thunderlacrosse.org,error opening web page,
,tigerbaseball.org,Ridgefield High School Baseball,false,Baseball,
,timebanditslacrosse.com,Time Bandits Lacrosse,false,Lacrosse,
,tiplax.org,Tippecanoe Lacrosse Assoc.,false,Lacrosse,
,tmsoftball.org,Terrell Mill Softball,false,Softball,
,tnlax.com,Tennessee Scholastic Lacrosse Association,false,Lacrosse,
,tollandlacrosse.org,Tolland Lacrosse Club,false,Lacrosse,
,tonkafastpitch.org,Minnetonka Girls Softball Association,false,Softball,
,tournamenttable.blogspot.com,error opening web page,
,townshiplacrosse.com,Manheim Township Boys Youth Lacrosse Association,false,Lacrosse,
,tpllax.com,Town Pride League Lacrosse,false,Lacrosse,
,tricountybaberuthct.org,Tri-County Baseball,false,Baseball,
,tripleplaybattingcages.com,Triple Play Batting Cages,false,Softball,
,trumbullathletics.com,Trumbull H.S.,false,Lacrosse,
,trumbullyouthfh.com,Trumbull Youth Field Hockey,false,Hockey,
,twonationslax.com,Two Nations Lacrosse,false,Lacrosse,
,txbayarealax.org,Texas Bay Area Lacrosse,false,Lacrosse,
,tyronegfc-ny.com,Tyrone GFC New York,false,,
,ublbaseball.com,Upstate Baseball League,false,Baseball,
,ulyfl.com,error opening web page,
,uraboyslax.com,URA Lacrosse,false,Lacrosse,
,uscglax.com,Upper St Clair Girls Youth Lacrosse,false,Lacrosse,
,usl.la,US Lacrosse Websites & Online Lacrosse Registration | USLaxteams.com,false,Lacrosse,
,usyouthgaa.com,USGAA YOUTH,false,,
,uwchlanlegion.org,error opening web page,
,vametrolax.com,VA Metro Lacrosse,false,Lacrosse,
,vclacrosse.com,error opening web page,
,vernon-rockvillelittleleague.com,Vernon-Rockville Little League,false,,
,vernon-rockvillelittleleague.org,Vernon-Rockville Little League,false,,
,veronalacrosse.org,Verona Lacrosse League,false,Lacrosse,
,vhotm.com,error opening web page,
,viennabasketball.com,Vienna Youth Inc Basketball,false,Basketball,
,viennabasketball.org,Vienna Youth Inc Basketball,false,Basketball,
,viennacheerleading.com,Vienna Youth Inc Cheerleading,false,Football,
,viennatrack.org,Vienna Youth Inc Track and Field,false,,
,viennavolleyball.org,Vienna Youth Inc Volleyball,false,,
,viperslacrosse.net,error opening web page,
,virginia-elite-lacrosse.com,Virginia Elite Lacrosse,false,Lacrosse,
,vskyf.com,Stafford Knights Youth Football,false,Football,
,vtrocks.org,Vermont Shamrocks,false,Hockey,
,vyibball.com,Vienna Youth Inc Basketball,false,Basketball,
,vyicheer.org,Vienna Youth Inc Cheerleading,false,Football,
,vyicheerleading.org,Vienna Youth Inc Cheerleading,false,Football,
,vyifootball.org,Vienna Youth Inc Football,false,Football,
,vyilacrosse.org,Vienna Youth Inc Lacrosse,false,Lacrosse,
,vyilax.org,Vienna Youth Inc Lacrosse,false,Lacrosse,
,vyitrack.com,Vienna Youth Inc Track and Field,false,,
,vyitrack.org,Vienna Youth Inc Track and Field,false,,
,vyivolleyball.com,Vienna Youth Inc Volleyball,false,,
,vyivolleyball.org,Vienna Youth Inc Volleyball,false,,
,vyiwrestling.com,Vienna Youth Inc Wrestling,false,,
,vyiwrestling.org,Vienna Youth Inc Wrestling,false,,
,w3links.net,error opening web page,
,waabaseball.org,WAA Baseball,false,Baseball,
,wachusettlacrosse.com,Wachusett Youth Lacrosse,false,Lacrosse,
,wadsworthgirlslax.org,WADSWORTH GIRLS LACROSSE,false,,
,wadsworthlacrosse.com,Wadsworth Lacrosse,false,Lacrosse,
,wadsworthlax.org,Wadsworth Lacrosse,false,Lacrosse,
,wallkillyouthlacrosse.com,Wallkill Youth Lacrosse,false,Lacrosse,
,walnuthillsbaseball.com,Queen City Sports Group,false,,
,walpolegirlslacrosse.org,Walpole Youth Girls Lacrosse,false,Lacrosse,
,walthamlacrosse.com,Waltham Youth Lacrosse,false,Lacrosse,
,wantaghtribelax.org,Wantagh Tribe,false,,
,wardelax.com,error opening web page,
,warlax.org,Warwick PAL Lacrosse,false,Football,
,warsawsoccer.com,Warsaw Soccer Club,false,Soccer,
,warwickgirlslacrosse.com,Warwick Girls Lacrosse,false,Lacrosse,
,warwickyouthbasketball.com,Warwick Youth Basketball,false,Basketball,
,watchunghoops.com,Watchung Recreation Basketball,false,Basketball,
,waterdownminorbaseball.com,Waterdown Minor Baseball Association,false,Baseball,
,waterfordyouthlacrosse.org,Waterford Youth Lacrosse Association,false,Lacrosse,
,watertownyh.com,Watertown Youth Hockey,false,Hockey,
,wbwildcats.com,West Bridgewater Youth Football Organization,false,Football,
,wbysclub.com,error opening web page,
,wcbiowa.com,Walnut Creek Baseball,false,Baseball,
,wccl.org,Washington County Civic League,false,,
,weaveraa.com,Weaver Athletic Association,false,Basketball,
,webranksdirectory.com,error opening web page,
,webranksite.com,error opening web page,
,weddingtonsoccer.com,WCWAA Soccer,false,Soccer,
,wesa.net,WESA | West End Slo-pitch Association,false,,
,westboroughgirlslacrosse.org,Westboro Girls Lacrosse Association,false,Lacrosse,
,westchesterlittleleague.com,Westchester Little League,false,,
,westfordlax.org,Westford Youth Lacrosse,false,Lacrosse,
,westfordyouthhockey.org,Nashoba Youth Hockey Association,false,Hockey,
,westfordyouthsoccer.com,Westford Youth Soccer Association,false,Soccer,
,westlakegirlslacrosse.com,error opening web page,
,westlinngirlslax.com,West Linn Girls Lacrosse,false,Lacrosse,
,westmichiganblast.com,,false,,
,westnewburyyouthsports.org,West Newbury Youth League,false,,
,westportadvancedbaseball.com,Westport Advanced Baseball,false,Baseball,
,westportfieldhockey.com,Westport Field Hockey Inc,false,Hockey,
,westseattlebasketball.com,error opening web page,
,westsidevikings.com,Westside Vikings,false,Football,
,westtampawolves.org,WOLVES LACROSSE CLUB,false,Lacrosse,
,westvalleylax.com,error opening web page,
,westwoodbasketball.org,Westwood Basketball Association,false,Basketball,
,westwoodgirlslacrosse.org,Westwood Girls Youth Lacrosse League,false,Lacrosse,
,westwoodlittleleague.com,Westwood Little League,false,,
,whisperingcorridor.com,error opening web page,
,whiteplainsflag.com,Northeast Flag Football League of Westchester,false,Football,
,whyll.com,West Hartford Youth Lacrosse League,false,Lacrosse,
,wihlma.com,Women's Interscholastic Hockey League of the Mid-Atlantic,false,Hockey,
,willyroysoccer.com,Willy Roy Soccer Dome,false,Soccer,
,wiltonfieldhockey.com,Wilton Field Hockey Association,false,Hockey,
,wiltonhockey.org,Wilton High School Hockey Club,false,Hockey,
,wiltonlax.com,Wilton Lacrosse,false,Lacrosse,
,wiltonyouthfieldhockey.com,Wilton Youth Field Hockey,false,Hockey,
,wiltonyouthfootball.org,Wilton Youth Football Cheer,false,Football,
,wiltonyouthwrestling.org,Wilton Youth Wrestling,false,,
,winchestergirlslacrosse.com,Winchester Girls Youth Lacrosse,false,Lacrosse,
,windhamwolverines.org,Windham Wolverines,false,,
,winnersedgelax.com,Winners Edge Lacrosse,false,Lacrosse,
,wins4life.com,WINS For Life,false,Basketball,
,winsforlife.com,WINS For Life,false,Basketball,
,wjbhoops.com,Wolcott Jr Basketball,false,Basketball,
,wjgirlssoftball.com,West Jeff Girls Softball Association,false,Softball,
,wllbball.com,Wallingford Little League,false,,
,woburnyouthbaseball.com,Woburn Little League,false,Softball,
,wolcottlacrosse.org,Wolcott Youth Lacrosse Club,false,Lacrosse,
,wonderlandwizards.com,Wonderland Wizards Youth Hockey Association,false,Hockey,
,woodcreekfootball.com,Back The Pack - Home of Woodcreek Football,false,Football,
,woodinvillebaseball.com,WHS Baseball,false,Baseball,
,worcesterhockey.com,Worcester Hockey League,false,Hockey,
,wpcyo.net,WPCYO,false,Basketball,
,wsboyslax.com,West Springfield Boys Youth Lacrosse,false,Lacrosse,
,wslax.org,Washington Schoolgirls Lacrosse Association (Youth & HS),false,Lacrosse,
,wtfalconslax.com,Washington Township Youth Lacrosse - Bergen County,false,Lacrosse,
,wtwolves.com,WOLVES LACROSSE CLUB,false,Lacrosse,
,wtwolves.info,WOLVES LACROSSE CLUB,false,Lacrosse,
,wtwolves.net,WOLVES LACROSSE CLUB,false,Lacrosse,
,wtwolves.org,WOLVES LACROSSE CLUB,false,Lacrosse,
,wtyba.com,error opening web page,
,wybonline.org,error opening web page,
,wybsa.net,error opening web page,
,wybsl.com,error opening web page,
,wysclax.org,error opening web page,
,xmathletics.com,error opening web page,
,yacfootball.com,error opening web page,
,yankeeconferencehockey.com,error opening web page,
,yankeeunited.com,Yankee United F.C.,false,Soccer,
,yarmouthyouthbaseball.net,error opening web page,
,ybadawgs.com,Youth Basketball Academy,false,Basketball,
,yonkersunited.com,error opening web page,
,yonkersunited.org,error opening web page,
,yourvipinvitation.com,error opening web page,
,allstarbatting.com,CT Rangers Baseball,false,Baseball,
,beachlax.org,Beach Lacrosse Club,false,Lacrosse,
,crescentlittleleague.org,Crescent Little League,false,,
,ctksports.com,error opening web page,
,dybs.org,Darien Little League,false,,
,fairfieldcountyunited.com,Fairfield County United Field Hockey Club, LLC,false,Hockey,
,fauquieryouthfootball.com,Fauquier Youth Football,false,Football,
,ggnll.net,Golden Gate National Little League,false,Baseball,
,haddonfieldbaseball.org,error opening web page,
,jrraidersfootball.org,Hillsborough JR Raiders,false,,
,junior-lizards.com,error opening web page,
,leesburggirlssoftball.com,Leesburg Girls Softball League,false,Softball,
,newburyportboysbasketball.com,Newburyport Boys Basketball Association,false,Basketball,
,newcitybaseball.com,GENERALS BASEBALL ACADEMY,false,Baseball,
,swboyslax.org,South Windsor Lacrosse Inc.,false,Lacrosse,
,timberlaneyouthlacrosse.org,error opening web page,
,bennettrink.com,Edward L. Bennett RInk,false,,
,dunwoodyseniorbaseball.com,DSB | Dunwoody Senior Baseball,false,Baseball,
,ecyfl.org,Essex County Youth Futsal League,false,Soccer,
,eywca.org,Emmaus Youth Wrestling Association,false,,
,jayba-wi.com,Jackson Area Youth Baseball Association,false,Softball,
,jrraiderstrack.org,Hillsborough JR Raiders,false,,
,lawrenceflames.org,Lawrence Nassau Hockey Association,false,Hockey,
,maislathletics.org,Madison Area Independent Sports League,false,Football,
,medwaylax.com,error opening web page,
,northsunrisell.org,North Sunrise Little League,false,,
,rocklandgaa.com,error opening web page,
,southorlandobaberuth.com,South Orlando Babe Ruth,false,Baseball,
,tyngsboroughyouthhockey.org,Nashoba Youth Hockey Association,false,Hockey,
,tysahockey.com,Tewksbury Youth Skating Association,false,,
,vernonlacrosse.org,Vernon Lacrosse Association,false,Lacrosse,
,watchunglittleleague.org,Watchung Little League,false,Baseball,
,westonyouthservices.org,Weston Youth Services,false,,
,westportbasketball.org,Westport Basketball Association,false,Basketball,
,wghsa.org,Northwestern Connecticut Youth Hockey,false,Hockey,
,algonkianlacrosse.org,Algonkian Lacrosse Club,false,Lacrosse,
,creeksports.com,Cherry Creek Youth Sports,false,Lacrosse,
,djfl.org,Darien Junior Football League,false,Football,
,epfastpitch.com,Eden Prairie Fastpitch Association,false,,
,epywa.org,Emmaus Youth Wrestling Association,false,,
,falmouthlax.net,Cape Cod Lacrosse,false,Lacrosse,
,falmouthlax.org,Cape Cod Lacrosse,false,Lacrosse,
,fllgs.org,Fairfield Little League Girls Softball,false,Softball,
,hopkintonlax.com,error opening web page,
,jeffersonjba.org,Jefferson Basketball Association,false,Basketball,
,kidstime-wellesley.com,KidstimeWellesleycom,false,Basketball,
,knotholebaseballcentral.com,Knothole Central Region,false,,
,madisongirlslax.org,error opening web page,
,marlborogirlssoftball.com,Marlboro Girls Softball,false,Softball,
,newfairfieldbaseball.org,New Fairfield Baseball,false,Baseball,
,newtownsoccerclub.org,Newtown Soccer Club,false,Soccer,
,neyankeeconference.com,New England District Hockey,false,Hockey,
,phhockey.com,Port Huron Minor Hockey Association,false,Hockey,
,pipeline.uslaxteams.com,Pipeline Lacrosse,false,Lacrosse,
,prosperwrestling.com,Prosper High School Wrestling,false,,
,salemnhlacrosse.org,Salem Youth Lacrosse,false,Lacrosse,
,simsburyhockey.com,error opening web page,
,smvll.com,South Mission Viejo Little League,false,,
,stoughtonlacrosse.org,Stoughton Youth Lax MA,false,,
,trojanlacrosse.org,McDowell Trojan Lacrosse Booster Club,false,Lacrosse,
,warwickyouthfootball.org,Warwick Youth Football & Cheerleading,false,Football,
,yaleyouthhockey.com,error opening web page,
,abenakilacrosse.com,Abenaki Lacrosse,false,Lacrosse,
,brychoops.org,BRYC Basketball,false,Basketball,
,cantonyouthlax.org,Canton Youth Lacrosse Club,false,Lacrosse,
,cantonyouthsoccer.com,Canton Youth Soccer Association,false,Soccer,
,duxburygirlslacrosse.com,Duxbury Girls Youth Lacrosse,false,Lacrosse,
,fairportcheerleading.com,Fairport Cheerleading,false,,
,falmouthflash.org,Falmouth Flash Girls Lacrosse,false,Lacrosse,
,fbrb.org,Farmington Little League,false,,
,lasl.org,Lawrence Adult Soccer League,false,Soccer,
,littletonyouthsports.org,Littleton Youth Sports,false,,
,manalapansoftball.com,Manalapan Baseball Association,false,Baseball,
,medfieldyouthlacrosse.com,Medfield Youth Lacrosse,false,Lacrosse,
,migirlslacrosse.com,error opening web page,
,montvillelacrosse.org,Montville Lacrosse,false,Lacrosse,
,neconn.org,error opening web page,
,newmilfordlacrosse.org,New Milford Youth Lacrosse,false,Lacrosse,
,nhyouthbaseball.org,North Hunterdon Youth Baseball and Softball,false,Softball,
,northernconnecticutlacrosse.com,error opening web page,
,northtorrancelittleleague.com,error opening web page,
,petalsportsassociation.com,Petal Sports Association,false,Softball,
,princetonyouthhockey.org,Princeton Youth Hockey Association,false,Hockey,
,raptorsathletics.org,Raptors Athletics,false,Lacrosse,
,scituatesoccer.net,Scituate Youth Soccer Association,false,Soccer,
,stamfordnational.com,Stamford Little League - American Division,false,,
,stxyla.com,South Texas Youth Lacrosse Association,false,Lacrosse,
,ulalax.com,Upstate Lacrosse Association,false,Lacrosse,
,vyibball.org,Vienna Youth Inc Basketball,false,Basketball,
,warwickyouthlax.com,error opening web page,
,bcylax.org,Beach Cities Youth Lacrosse,false,Lacrosse,
,brycbasketball.org,BRYC Basketball,false,Basketball,
,buffalosabressledhockey.org,Buffalo Sabres Sled Hockey,false,Hockey,
,cahahockey.org,error opening web page,
,dorrrec.org,Dorr Recreation,false,,
,elite-nation.com,ELITE NATION BASEBALL,false,Baseball,
,forestyouth.org,Forest Youth Athletic Association,false,,
,goshenyouthlacrosse.com,Goshen Youth Lacrosse,false,Lacrosse,
,madeirarecbasketball.com,Madeira Recreational Basketball,false,Basketball,
,moorestownsoccer.com,Moorestown Soccer Club,false,Soccer,
,newcanaanwrestling.org,New Canaan Youth Wrestling,false,,
,njspw.org,Garden State Pop Warner,false,,
,parklandflag.com,error opening web page,
,ridgefieldlittleleague.org,error opening web page,
,teamprideselect.com,Team Pride Select Inc.,false,,
,westfieldhockey.org,Westfield Youth Hockey,false,Hockey,
,arlingtonlacrosse.org,Arlington Youth Lacrosse Club,false,Lacrosse,
,cumberlandmelax.org,Cumberland North Yarmouth Youth Lacrosse,false,Lacrosse,
,dukesmainlinelc.com,error opening web page,
,elyb.org,East Lyme Youth Basketball,false,Basketball,
,laketappslax.org,Lake Tapps Lacrosse Club,false,Lacrosse,
,lsboosters.org,Lincoln-Sudbury All Sports Boosters,false,,
,lylax.org,Loyola Lacrosse,false,Lacrosse,
,mr-ll.org,Millstone Little League,false,,
,nediamondgems.com,New England Diamond Gems,false,,
,njrll.org,North Jersey Regional Lake League,false,,
,ntnll.org,North Tonawanda National Little League,false,,
,portsmouthlax.org,Portsmouth Lacrosse,false,Lacrosse,
,southorlandolax.com,error opening web page,
,thundervb.org,Thunder Volleyball,false,,
,ulacrosse.org,United Lacrosse Association - Kansas City Lacrosse,false,Lacrosse,
,cantonlittleleague.org,Canton Little League,false,Softball,
,clintonlacrosse.org,Clinton Lacrosse Association,false,Lacrosse,
,duxburyyouthhockey.org,Duxbury Youth Hockey,false,Hockey,
,fsbl.net,Frankfort Square Baseball League,false,Baseball,
,greenwichcannons.org,Greenwich Cannons Baseball,false,Baseball,
,littletonyouthsoccer.org,Littleton Soccer Club,false,Soccer,
,nccbball.org,NCC Travel Basketball,false,Basketball,
,ncwloa.org,Nassau County Womens Lacrosse Officials Association,false,Lacrosse,
,nhys.org,New Hartford Youth Baseball / Softball,false,Softball,
,oclax.net,Orange County Lacrosse Association,false,Lacrosse,
,sycamorelax.com,error opening web page,
,teammizunousa.org,USA Roadrunners,false,,
,wbaladyknicks.com,error opening web page,
,wswsa.org,error opening web page,
,cdjrlacrosse.org,CD East Junior Lacrosse,false,Lacrosse,
,charmecksoftball.org,Char-Meck Girls Softball,false,Softball,
,cmbaseballsoftball.org,Chester Mendham Baseball and Softball Club,false,Softball,
,colchesterlax.org,Colchester Youth Lacrosse,false,Lacrosse,
,ctlacrosse.org,Connecticut Lacrosse Foundation,false,Lacrosse,
,cusabolax.org,Cusabo Nation Lacrosse, Inc.,false,Lacrosse,
,cylax.org,Chesterfield Hammers,false,,
,fdrhockey.org,FDR Hockey Club,false,Hockey,
,fsafcunited.com,Farmington Sports Arena Football Club,false,Football,
,ghsibaseball.org,error opening web page,
,hpthunder.org,error opening web page,
,issylax.org,Issaquah Lacrosse Club,false,Lacrosse,
,jaelitesoccer.com,error opening web page,
,madisonyouthlacrosse.org,Madison Youth Lacrosse,false,Lacrosse,
,maverickslax.com,Mavericks Lacrosse Club LLC,false,Lacrosse,
,meyouthsoccer.com,Manchester-Essex Youth Soccer,false,Soccer,
,mvlax.com,Minisink Valley Lacrosse Club (Booster),false,Lacrosse,
,nlbsa.com,error opening web page,
,oregongirlslax.com,Oregon Girls Lacrosse Association,false,Lacrosse,
,pryouthfootballandcheer.com,Pine Richland United Youth Football and Cheer,false,Football,
,restonraiders.com,Reston Raiders Hockey Club,false,Hockey,
,srvgal.org,San Ramon Valley Girls Athletic League (SRVGAL),false,,
,uslaxteams.com,error opening web page,
,waltonlax.org,Walton Raiders Lacrosse,false,Lacrosse,
,wethersfieldyouthlacrosse.org,Wethersfield Youth Lacrosse,false,Lacrosse,
,whybaseball.com,West Hartford Youth Baseball League,false,Baseball,
,bowiehockey.org,Bowie Hockey Club,false,Hockey,
,chelmsfordyouthbaseball.org,Chelmsford Youth Baseball,false,Baseball,
,chiawanalax.com,Chiawana Lacrosse Club,false,Lacrosse,
,columbuslax.org,Columbus Lacrosse Club,false,Lacrosse,
,cyla.us,Colorado Youth Lacrosse Association,false,Lacrosse,
,dsll.org,Devon Strafford Little League,false,,
,frankfortfalcons.com,Frankfort Youth Athletic Association,false,Football,
,loudounsoftball.org,Loudoun Girls Little League Softball,false,Softball,
,middlax.org,Middlebury Youth Lacrosse Club,false,Lacrosse,
,milfordyouthlacrosse.org,Milford Youth Lacrosse, Inc.,false,Lacrosse,
,mtbsa.org,MONTGOMERY TOWNSHIP BASEBALL AND SOFTBALL ASSOCIATION,false,,
,nklax.com,Warriors Lacrosse,false,Lacrosse,
,nwcyh.com,error opening web page,
,saintpetersburglacrosse.com,Saint Petersburg Lacrosse Club,false,Lacrosse,
,saukprairielax.org,Sauk Prairie Lacrosse,false,Lacrosse,
,scilleague.org,South Carolina Independent Lacrosse League,false,Lacrosse,
,sudburygirlslacrosse.org,Sudbury Girls Lacrosse,false,Lacrosse,
,sykesvilleraiders.org,Sykesville Raiders Football and Cheerleading,false,Football,
,vametrolacrosse.com,VA Metro Lacrosse,false,Lacrosse,
,billericayouthlacrosse.com,error opening web page,
,boulderlacrosse.org,Boulder Valley Lacrosse,false,Lacrosse,
,ctpythons.com,CT Python Soccer Club,false,Soccer,
,dcwestyouthsports.org,DC West Youth Sports Organization,false,,
,egllri.com,EAST GREENWICH LITTLE LEAGUE,false,,
,fhyaa.org,error opening web page,
,fsbl.org,Farmwell Station Basketball League,false,Basketball,
,gyfa.com,Glastonbury Youth Football Association,false,Football,
,lakotalacrosse.org,Lakota Youth Lacrosse,false,Lacrosse,
,leagueathletics.us,error opening web page,
,marlboroyouthbasketball.org,Marlboro Travel Youth Basketball,false,Basketball,
,marsbaseball.com,Mars Baseball Association,false,Baseball,
,mensbaseball.org,Harford Mens Baseball League,false,Baseball,
,mustangsportsclub.org,Mustang Sports Club,false,,
,nklacrosse.org,North Kingstown Youth Lacrosse,false,Lacrosse,
,randolphgirlslax.org,Randolph Girls Lacrosse,false,Lacrosse,
,smithtownboosterclub.org,Smithtown Booster Club,false,Basketball,
,tewksburygirlssoftball.com,Tewksbury Girls Softball League,false,Softball,
,abingtongirlslax.org,Abington Girls Lacrosse Club,false,Lacrosse,
,agysl.org,Amesbury Girls Youth Softball League,false,Softball,
,amesburyjetsfootball.org,Jets Youth Football and Cheerleading,false,Football,
,ansll.org,ANSLL,false,Baseball,
,ardsleylittleleague.com,Ardsley Little League,false,,
,avll.org,Aliso Viejo Little League,false,,
,ayhl.org,Amesbury Youth Hockey,false,Hockey,
,bcbbasketball.org,Bolingbrook Community Basketball / Bolingbrook Magic Basketball,false,Basketball,
,bdyb.org,Brentsville Baseball League,false,Baseball,
,beachlax.com,Beach Lacrosse Club,false,Lacrosse,
,bedfordbearshockey.com,Bedford Katonah Hockey Association,false,Hockey,
,bedfordll.com,Bedford Little League,false,,
,bellinghamhawx.org,error opening web page,
,belmontyouthhockey.org,Belmont Youth Hockey Association, Inc.,false,Hockey,
,bergencatholiclacrosse.com,Bergen Catholic Lacrosse,false,Lacrosse,
,billericahockey.org,error opening web page,
,binghamgirlslax.com,Bingham High School Girls Lacrosse,false,Lacrosse,
,boggsbarrett.com,Boggs Barrett Soccer Camp,false,Soccer,
,boltonsoccer.net,Bolton Youth Soccer Association,false,Soccer,
,bousquetskiclub.com,error opening web page,
,braintreeyouthhockey.org,error opening web page,
,buffaloregals.org,Buffalo Regals,false,,
,bullsharkslacrosse.com,Lauderdale LandSharks Lacrosse,false,Lacrosse,
,burnsvillelegionbaseball.org,Burnsville Legion Baseball,false,Baseball,
,byramhillsyouthlacrosse.org,Byram Hills Youth Lacrosse,false,Lacrosse,
,cabriniboosters.org,Cabrini Athletic Boosters,false,,
,cambridgeyouthhockey.org,Cambridge Youth Hockey,false,Hockey,
,capeannunited.org,Cape Ann United,false,,
,cascadevolleyball.net,Cascade Volleyball Club of Seattle,false,,
,cbtbl.com,CT Boys Travel Basketball League,false,Basketball,
,chatfieldbaseball.com,error opening web page,
,chatfieldhoopsclub.com,error opening web page,
,chathambasketballclub.org,Chatham Basketball Club,false,Basketball,
,cheshirelacrosse.com,Cheshire Lacrosse Club,false,Lacrosse,
,chesterbasketball.org,Chester Basketball,false,Basketball,
,chicorebels.com,error opening web page,
,clyfl.org,Central Loudoun Youth Football League,false,Football,
,cmlax.org,Chester Mendham Youth Lacrosse,false,Lacrosse,
,cougarsportszone.com,Cougar Sports Zone,false,,
,coyoteslacrosse.com,Coyotes Lacrosse,false,Lacrosse,
,cranfordlacrosse.org,Cranford Lacrosse Club,false,Lacrosse,
,ctbball.org,Connecticut Basketball Conference,false,Basketball,
,ctcollegebaseballleague.org,Connecticut Collegiate Baseball League,false,Baseball,
,ctoilkings.com,CT Oil Kings AAA Youth Hockey & Player Development,false,Hockey,
,ctstormhockey.org,Southern Connecticut Storm Special Hockey, Inc.,false,Hockey,
,cumberlandlax.org,Cumberland Youth Lacrosse,false,Lacrosse,
,cvyl.org,Connecticut Valley Youth Lacrosse,false,Lacrosse,
,cybcys.org,Cheshire Youth Baseball and Softball,false,Softball,
,cyony.org,Catholic Youth Organization,false,Basketball,
,daagators.org,error opening web page,
,dakotaridgesports.org,Dakota Ridge Sports Association,false,Soccer,
,daphnesports.com,Daphne Sports,false,,
,darienysports.com,Darien YMCA Sports Dept.,false,Football,
,deercreeklax.com,error opening web page,
,demonsyouthhockey.org,Demons Youth Hockey,false,Hockey,
,desotobaseball.org,error opening web page,
,dewittlacrosse.org,error opening web page,
,dillsburgyouthbaseball.org,error opening web page,
,donboscohawks.org,error opening web page,
,dorchesterbaberuth.org,Dorchester Babe Ruth,false,,
,dorchesterlittleleague.org,Dorchester Little League,false,,
,downriverlax.org,error opening web page,
,dullesyouth.org,Dulles Youth Sports,false,Football,
,duxburydragonsfootball.com,Duxbury Dragons Football,false,Football,
,duxburyyouthlacrosse.org,Duxbury Youth Lacrosse,false,Lacrosse,
,easthartfordhornets.org,East Hartford Hornets Youth Football & Cheerleading,false,Football,
,eastlincolnoptimist.org,East Lincoln Optimist Club,false,Football,
,echostars.com,error opening web page,
,edhyb.com,El Dorado Hills Youth Basketball,false,Basketball,
,edinabaseball.org,Edina Baseball Association,false,Baseball,
,elbl.org,Eastern Loudoun Basketball League,false,Basketball,
,elilacrosse.com,Eli Youth Lacrosse, Inc.,false,Lacrosse,
,empirehockey.org,Empire Amateur Hockey Conference,false,Hockey,
,epbaseball.com,Eden Prairie Baseball Association,false,Baseball,
,ewpal.org,East Windsor Police Athletic League,false,Soccer,
,eyhaicedragons.com,Easton Youth Hockey Association,false,Hockey,
,fairfieldcountyfootball.org,Fairfield County Football League,false,Football,
,fairfieldgiants.com,Fairfield Youth Football, Cheer & Flag,false,Football,
,fcdansvillemustangs.com,FC Dansville,false,Soccer,
,firelax.org,McHenry Junior Warriors Lacrosse,false,Lacrosse,
,foundationsc.com,Foundation Soccer Club,false,Soccer,
,framinghamyouthhockey.org,Framingham Youth Hockey Program,false,Hockey,
,frankfortbaseball.com,Frankfort Boys Baseball Inc,false,Baseball,
,fsasports.com,Farmington Sports Arena,false,Soccer,
,fvbsa.org,French Valley Baseball Softball Association,false,Softball,
,gbahoops.org,Glastonbury Basketball Association,false,Basketball,
,gbjha.org,error opening web page,
,gbwybaseball.org,Green Bay West Side Youth Baseball,false,Baseball,
,gmflmidland.org,Greater Midland Football League,false,Football,
,gnhwarriors.org,error opening web page,
,grovelandbaseball.org,Groveland Baseball League,false,Baseball,
,guilfordlittleleague.org,error opening web page,
,hanoverlax.org,Hanover Youth Lacrosse,false,Lacrosse,
,hanoverlaxclub.com,error opening web page,
,hanoversoccerclub.org,Hanover Soccer Club,false,Soccer,
,harvesterparkhammers.com,error opening web page,
,hayla.org,Hagerstown Area YMCA Lacrosse Association,false,Lacrosse,
,hbbasketballclub.org,Hollis Brookline Basketball Club,false,Basketball,
,hbcalripken.org,error opening web page,
,hksoccer.org,Haddam-Killingworth Soccer Club,false,Soccer,
,hlcbulls.org,Hereford Lacrosse,false,Lacrosse,
,hmst.org,error opening web page,
,hopewellbaseball.org,Hopewell Youth Association,false,Baseball,
,hoplax.com,error opening web page,
,hrysfastpitch.com,Herndon Reston Youth Softball,false,Softball,
,hwlax.org,error opening web page,
,istsportsct.com,IST Sports Headquarters,false,Lacrosse,
,iylax.org,error opening web page,
,jeffersonsoftball.org,Jefferson Softball,false,Softball,
,jrcolonialhoops.org,error opening web page,
,jrraiderstrack.com,Hillsborough JR Raiders,false,,
,jtaalacrosse.org,error opening web page,
,jyflfalcons.org,error opening web page,
,jylax.org,Falcon Youth Lacrosse,false,Lacrosse,
,kellergirlslacrosse.com,error opening web page,
,kentctparkandrecreation.com,error opening web page,
,killeentrojansyouthsport.com,KILLEEN TROJANS YOUTH SPORTS ASSOCIATION,false,Football,
,kingslacrosseclub.com,Kings Lacrosse Club,false,Lacrosse,
,kybl.org,error opening web page,
,lakevilletrack.org,Lakeville Track and Field Association,false,,
,laxforwishesohio.org,Lacrosse for Wishes Southern Ohio,false,Lacrosse,
,leadthewayfieldhockey.com,Lead The Way,false,,
,leesburggirlssoftball.org,Leesburg Girls Softball League,false,Softball,
,legendssportsleagues.com,Legends Sports Leagues,false,Basketball,
,leominsteryouthlacrosse.com,Leominster Youth Lacrosse,false,Lacrosse,
,leominsteryouthsoccer.org,Leominster Youth Soccer Association,false,Soccer,
,libertyvillebaseball.org,Libertyville Little League,false,Baseball,
,limericklacrosse.com,error opening web page,
,lincolnwaylacrosse.com,Lincoln-Way Lacrosse Club,false,Lacrosse,
,livingstonblues.org,Livingston Blues Youth Hockey,false,Hockey,
,ljyb.org,La Jolla Youth Baseball,false,Baseball,
,louisvillebsa.org,error opening web page,
,lprebels.club,error opening web page,
,lwvipers.org,Lincoln Way Vipers Baseball Academy,false,Softball,
,mamaroneckhockey.org,Mamaroneck Youth Hockey Association,false,Hockey,
,manalapanbaseball.com,Manalapan Baseball Association,false,Baseball,
,manhassetbaseball.com,Manhasset PAL Baseball,false,Baseball,
,masonyouthfootball.com,error opening web page,
,mcleantrack.org,McLean Youth Track and Field,false,,
,mcleanvolleyball.org,McLean Youth Volleyball,false,,
,mcponybaseball.com,error opening web page,
,merrimackvalleysports.com,error opening web page,
,mhdbaseball.org,Marblehead Youth Baseball,false,Baseball,
,middleborolittleleague.com,Middleboro Little League,false,,
,middletownyouthlacrosse.org,Middletown Youth Lacrosse,false,Lacrosse,
,millstonerec.org,Millstone Township Recreation,false,,
,miltonyouthhockey.com,Milton Youth Hockey,false,Hockey,
,mlgba.com,Main Line Girls Basketball Association,false,Basketball,
,mobilemaverickslacrosse.org,Mobile Youth Lacrosse League,false,Lacrosse,
,mohicanslax.org,Lake Mary Mohicans Lacrosse Club,false,Lacrosse,
,moorestownbasketball.org,Moorestown Youth Basketball Club,true,Basketball,
,moorestowncrew.org,Moorestown Rowing Club,false,,
,mtkagirlssoftball.org,Minnetonka Girls Softball Association,false,Softball,
,mysasports.org,Metamora Youth Sports Association,false,,
,nangolax.com,Chittenango Lacrosse Association,false,Lacrosse,
,nanuetlittleleague.com,Nanuet Little League,false,Lacrosse,
,nashobaunited.org,error opening web page,
,nbyb.org,North Branford Youth Basketball,false,Basketball,
,ncffl.info,New Canaan Flag Football League,false,Football,
,nclax.org,New Canaan Lacrosse AssociationP O Box 1671New Canaan Ct 06840Tax ID 061592201NonProfit 501c3 Organization,false,Lacrosse,
,nepsacbasketball.org,New England Prep School Boys Basketball,false,Basketball,
,netwisters.com,New England Twisters,false,,
,newenglandfutsal.com,New England Sports Promotion,false,Soccer,
,newtoneastll.org,Newton SouthEast Little League,false,,
,newtongirlslacrosse.org,error opening web page,
,newtownhoops.org,error opening web page,
,newtownyouthbasketball.com,error opening web page,
,nexstarlacrosse.com,NexStar Lacrosse,false,Lacrosse,
,nhyb.org,North Haven Youth Basketball,false,Basketball,
,njstarshockey.org,New Jersey Stars,false,,
,northeastlacrosse.org,Northeast Youth Lacrosse Club,false,Lacrosse,
,northeastxtreme.org,Northeast Xtreme,false,,
,northshoreblizzard.com,error opening web page,
,norwichyouthlacrosse.org,Norwich Youth Lacrosse Association,false,Lacrosse,
,nvhockey.com,North Valley Hockey and Sports Complex,false,Hockey,
,nvhsc.org,North Valley Hockey and Sports Complex,false,Hockey,
,nvyll.org,NVYLL,false,,
,nwicehawks.com,error opening web page,
,oall.org,Oceanside American Little League,false,,
,ohiobluejackets.org,error opening web page,
,olvcougars.com,error opening web page,
,outlawslacrosse.com,error opening web page,
,palmyrablackknights.org,Palmyra Black Knights,false,,
,parkeryouthsports.com,Parker Youth Sports,false,,
,pawlingyouthhockey.org,error opening web page,
,payalfootball.org,Pike Area Youth Athletic League,false,,
,pbsl.org,Pioneer Baseball League,false,Baseball,
,phslax.org,Patriot Lacrosse,false,Lacrosse,
,pittlax.com,Pitt County Youth Lacrosse,false,Lacrosse,
,pittsfordlittleleague.org,Pittsford Little League,false,Baseball,
,planolacrosse.com,Plano Lacrosse Association,false,Lacrosse,
,playfxa.org,FXA Adult Sports,false,Basketball,
,plymouthrocklacrosse.com,Plymouth Rock Youth Lacrosse, Inc.,false,Lacrosse,
,pomperaugsoccerclub.com,Pomperaug Soccer Club,false,Soccer,
,premierac.org,Premier Athletics Club,false,,
,raptorsgirlslax.org,Raptor Athletics - Girls Lacrosse,false,Lacrosse,
,rebelslacrosseclub.com,error opening web page,
,redding-eastonsoftball.org,Boys & Girls Club of Redding-Easton Softball,false,Softball,
,reverelacrosse.com,error opening web page,
,rhsxctrack.org,error opening web page,
,ridgefieldyouthfootball.org,Ridgefield Youth Football and Cheer,false,Football,
,rinksatshelton.com,The Rinks at Shelton Sports Center of Connecticut,false,Hockey,
,rinkshockey.com,error opening web page,
,rochestergrizzlies.com,Rochester Coalition,false,,
,rockymountainstormlacrosse.com,error opening web page,
,rockymountainthunder.net,Rocky Mountain Thunder,false,Softball,
,scarboroughlacrosse.org,error opening web page,
,sheltonyouthlacrosse.com,Shelton Youth Lacrosse,false,Lacrosse,
,sjpdpal.com,San Jose Police Activities League,false,,
,skiwmrt.com,Wachusett Mountain Race Team,false,,
,smyac.com,Southern Maryland Youth Athletic Conference,false,,
,southingtonlacrosse.org,Southington Lacrosse Association,false,Lacrosse,
,southjeffsoftball.org,South Jeffco Softball,false,Softball,
,southridgelacrosse.com,error opening web page,
,southsuburbanacademy.com,South Suburban Soccer Academy,false,Soccer,
,spireslacrosse.org,Spires Lacrosse,false,Lacrosse,
,sportingct.org,Sporting CT,false,Soccer,
,springfieldlaxnj.com,Springfield Lacrosse Club,false,Lacrosse,
,sschockey.org,South Shore Conference,false,,
,staffordyouthlacrosse.com,Stafford Lacrosse Association,false,Lacrosse,
,stickslax.org,South Tampa Sticks Youth Lacrosse League, Inc.,false,Lacrosse,
,stowsoccer.org,error opening web page,
,sudburybaberuth.com,LS Youth Baseball,false,Baseball,
,sudburysoftball.org,Sudbury Girls Softball League,false,Softball,
,summitbballclub.org,Summit Basketball Club,false,Basketball,
,sunprairielacrosse.org,Sun Prairie Youth Lacrosse Inc,false,Lacrosse,
,svsoftball.com,error opening web page,
,svwrestling.com,Seneca Valley Wrestling Association,false,,
,tcfastpitch.com,error opening web page,
,tewksburyboysbasketball.org,Tewksbury Boys Basketball League,false,Basketball,
,townshiplacrosse.org,Manheim Township Boys Youth Lacrosse Association,false,Lacrosse,
,tri-lax.com,error opening web page,
,trojansfootball.org,error opening web page,
,tyngsborosportscenter.com,Tyngsboro Sports Center,false,Baseball,
,valesc.org,error opening web page,
,vfapanthers.org,Villages Football Association,false,Football,
,vyilax.com,Vienna Youth Inc Lacrosse,false,Lacrosse,
,warrenyouthbasketball.org,Warren Youth Basketball Association,false,Basketball,
,washingtonvillelacrosse.com,Washingtonville Lacrosse Club,false,Lacrosse,
,wateroakll.com,Watertown-Oakville Little League,false,Baseball,
,waxlax.org,Westminster Area Lacrosse,false,Lacrosse,
,wcwaa.org,Wesley Chapel Weddington Athletic Association,false,Basketball,
,wcwaasoccer.org,WCWAA Soccer,false,Soccer,
,wellesleylittleleague.org,Wellesley Youth Baseball & Softball,false,Baseball,
,westchesterll.org,Westchester Little League,false,,
,westchestervipers.org,error opening web page,
,westfieldlacrosse.com,error opening web page,
,westhavenyouthlax.com,West Haven Youth Lacrosse,false,Lacrosse,
,westportyouthtravelbaseball.com,Westport Youth Travel Baseball,false,Baseball,
,whaba.org,West Hartford Amateur Baseball Association,false,Baseball,
,whalebackcoreteam.com,Whaleback Mountain Club,false,,
,whyfh.net,West Hartford Youth Field Hockey League,false,Hockey,
,wildcatsfootball.org,Wildcat Football Parents' Association,false,Football,
,wiltongirlshockey.org,error opening web page,
,wiltonyouthfieldhockey.org,Wilton Youth Field Hockey,false,Hockey,
,winfieldtravelprogram.org,Winfield Travel Program,false,Softball,
,wintergardenarena.com,Winter Garden Ice Arena, LLC,false,,
,witchcitysoccer.org,Salem Soccer Inc.,false,Soccer,
,wlgsl.org,Western Loudoun Girls Softball League,false,Softball,
,woodinvillegirlslax.com,error opening web page,
,woodstockctlittleleague.org,Woodstock Little League District 12,false,Baseball,
,wwpsa.org,West Windsor Plainsboro Soccer Association,false,Soccer,
,wwpsa2.org,error opening web page,
,wysc.org,Warrenton Youth Sports Club,false,Soccer,
,yaccheerleading.com,Yorktown Athletic Club, Cheerleading,false,,
,zeelandlittleleague.com,Zeeland Little League,false,Baseball,
,brookfield-lax.org,Brookfield Lacrosse Club,false,Lacrosse,
,fentonlittleleague.org,error opening web page,
,ggsl.org,Greater Greece Soccer League Inc,false,Soccer,
,ghssoccer.net,error opening web page,
,gohawkslax.com,Newtown High School Boys Lacrosse,false,Lacrosse,
,holdenbaseball.com,Holden Baseball Program, Inc.,false,Baseball,
,lahockey.org,Los Alamos Hockey Association,false,Hockey,
,lwlax.org,Lake Washington Lacrosse,false,Lacrosse,
,mcutournamentseries.com,Mass/Conn United Tournament Series,false,,
,norwalkcsc.org,Norwalk Community Soccer Club,false,Soccer,
,norwoodlacrosse.org,Norwood Youth Lacrosse,false,Lacrosse,
,olcschedule.org,error opening web page,
,playmakeracademy.com,error opening web page,
,proevolutionhockey.com,Boston Junior Terriers,false,,
,salembasketball.org,Salem (NH) Basketball Organization,false,Basketball,
,somersethillslacrosse.com,error opening web page,
,stamfordlittleleague.com,error opening web page,
,yacsports.org,Yorktown Athletic Club,false,,
,azlax.org,Youth Lacrosse of Arizona,false,Baseball,
,canyoncreekll.org,error opening web page,
,cwlax.org,error opening web page,
,friendsofwindhamhockey.org,Friends of Windham Hockey,false,Hockey,
,jcjbl.org,error opening web page,
,lacrosse.parkerhawks.org,Parker Hawks Lacrosse,false,Lacrosse,
,maltbyponybaseball.org,Maltby Pony Baseball,false,Baseball,
,marlboroyouthsoccer.org,Marlboro Youth Soccer (MYS),false,Soccer,
,mendhamfootball.com,Mendham Football Booster,false,Football,
,middletonlacrosse.com,Middleton Lacrosse Club,false,Lacrosse,
,nsllrp.org,North Shore Little League,false,,
,rangerlacrosse.org,Ranger Lacrosse Club,false,Lacrosse,
,rangerwrestlingclub.com,Ranger Wrestling Club,false,,
,redbirdbaseball.com,Upper Freehold Baseball & Softball League,false,Baseball,
,seekonklax.com,Seekonk Youth Lacrosse Association,false,Lacrosse,
,simsburylittleleague.org,Simsbury Little League,false,,
,spencerportjuniorbaseball.com,error opening web page,
,swc-ct.com,South West Conference,false,Hockey,
,swhslacrosse.com,South Windsor High School Boys Lacrosse,false,Lacrosse,
,wellesleybasketball.org,Wellesley Youth Basketball Association,false,Basketball,
,borosports.com,Springboro Clearcreek Baseball Association,false,Baseball,
,ccopcyo.org,CCOP CYO,false,Basketball,
,connylacrosse.org,Connecticut New York Youth Lacrosse Association,false,Lacrosse,
,derryll.org,Derry Diamond Athletic Association,false,Baseball,
,duxburyyouthfootball.com,Duxbury Dragons Football,false,Football,
,dyha.com,error opening web page,
,elevationlax.co,Elevation Lacrosse,false,Lacrosse,
,girlslaxnewton.com,error opening web page,
,guilfordbasketball.com,Guilford Basketball League,false,Basketball,
,haddamlittleleague.com,Haddam-Killingworth Little League,false,,
,hanoversoccer.com,Hanover Soccer Club,false,Soccer,
,harrisonyouthlacrosse.com,Harrison Youth Lacrosse, Inc.,false,Lacrosse,
,newmilfordhockey.com,Northwestern Connecticut Youth Hockey,false,Hockey,
,pembrokelakesoptimist.com,Pembroke Lakes Optimist,false,Baseball,
,ryha.org,error opening web page,
,scarsdalelittleleague.com,Scarsdale Little League,false,,
,silacrosse.org,Sammamish Interlake Lacrosse Club,false,Lacrosse,
,smw-cyo.org,St. Marys CYO,false,,
,spartanyouthclub.com,Spartan Youth Club,false,Football,
,summerlinnjb.com,SUMMERLIN NATIONAL JUNIOR BASKETBALL,false,,
,wadsworthlacrosse.org,Wadsworth Lacrosse,false,Lacrosse,
,windhamhoops.org,Windham Basketball Club,false,Basketball